id,fabi,fran,result,jugde
1,-1,-1,true,
2,0,0,true,
3,0,0,true,
4,0,0,true,
5,0,0,true,
6,0,0,true,
7,0,0,true,
8,0,1,false,1
9,0,0,true,
10,0,0,true,
11,0,0,true,
12,0,0,true,
13,0,0,true,
14,1,1,true,
15,0,0,true,
16,0,0,true,
17,0,0,true,
18,0,0,true,
19,0,0,true,
20,0,0,true,
21,-1,-1,true,
22,0,0,true,
23,0,0,true,
24,0,0,true,
25,0,0,true,
26,0,0,true,
27,0,0,true,
28,0,0,true,
29,0,0,true,
30,-1,-1,true,
31,0,0,true,
32,1,1,true,
33,0,0,true,
34,1,0,false,1
35,1,1,true,
36,0,0,true,
37,0,0,true,
38,0,0,true,
39,0,0,true,
40,1,1,true,
41,0,0,true,
42,0,0,true,
43,1,1,true,
44,-1,-1,true,
45,0,0,true,
46,0,0,true,
47,0,0,true,
48,0,0,true,
49,1,0,false,1
50,0,0,true,
51,0,0,true,
52,0,0,true,
53,0,0,true,
54,1,1,true,
55,-1,-1,true,
56,0,0,true,
57,0,0,true,
58,1,0,false,1
59,-1,-1,true,
60,0,0,true,
61,0,0,true,
62,0,0,true,
63,0,0,true,
64,-1,-1,true,
65,0,0,true,
66,0,0,true,
67,0,0,true,
68,0,0,true,
69,0,0,true,
70,0,0,true,
71,0,0,true,
72,-1,-1,true,
73,1,1,true,
74,1,1,true,
75,-1,-1,true,
76,1,1,true,
77,1,1,true,
78,-1,-1,true,
79,-1,-1,true,
80,0,0,true,
81,0,0,true,
82,-1,-1,true,
83,1,1,true,
84,-1,-1,true,
85,0,0,true,
86,0,0,true,
87,0,0,true,
88,0,0,true,
89,-1,-1,true,
90,-1,-1,true,
91,0,0,true,
92,0,0,true,
93,0,0,true,
94,0,0,true,
95,0,0,true,
96,0,0,true,
97,0,1,false,0
98,0,0,true,
99,0,0,true,
100,0,0,true,
101,0,0,true,
102,0,0,true,
103,0,0,true,
104,0,0,true,
105,0,0,true,
106,0,1,false,0
107,0,0,true,
108,0,0,true,
109,0,0,true,
110,0,0,true,
111,0,0,true,
112,0,0,true,
113,0,0,true,
114,0,0,true,
115,0,0,true,
116,0,0,true,
117,0,0,true,
118,0,0,true,
119,0,0,true,
120,0,0,true,
121,0,0,true,
122,0,0,true,
123,0,0,true,
124,0,0,true,
125,0,0,true,
126,0,0,true,
127,0,0,true,
128,0,0,true,
129,0,0,true,
130,0,0,true,
131,0,0,true,
132,0,0,true,
133,0,0,true,
134,0,0,true,
135,0,0,true,
136,0,0,true,
137,0,0,true,
138,0,0,true,
139,0,0,true,
140,0,0,true,
141,1,1,true,
142,0,0,true,
143,0,0,true,
144,0,0,true,
145,0,1,false,1
146,0,0,true,
147,0,0,true,
148,0,0,true,
149,0,0,true,
150,0,0,true,
151,0,0,true,
152,0,0,true,
153,0,0,true,
154,0,0,true,
155,0,0,true,
156,0,0,true,
157,0,0,true,
158,0,0,true,
159,0,0,true,
160,0,0,true,
161,0,0,true,
162,0,0,true,
163,0,0,true,
164,0,0,true,
165,0,0,true,
166,0,0,true,
167,0,0,true,
168,0,0,true,
169,0,0,true,
170,0,0,true,
171,1,1,true,
172,0,0,true,
173,0,0,true,
174,1,1,true,
175,0,0,true,
176,1,1,true,
177,0,0,true,
178,0,0,true,
179,0,0,true,
180,0,0,true,
181,0,0,true,
182,0,0,true,
183,0,0,true,
184,0,0,true,
185,1,1,true,
186,0,1,false,1
187,0,0,true,
188,0,0,true,
189,0,1,false,0
190,0,0,true,
191,0,0,true,
192,0,0,true,
193,0,0,true,
194,0,0,true,
195,0,0,true,
196,0,0,true,
197,0,0,true,
198,0,0,true,
199,0,0,true,
200,0,0,true,
201,0,0,true,
202,0,0,true,
203,0,0,true,
204,0,0,true,
205,1,1,true,
206,1,1,true,
207,0,0,true,
208,0,0,true,
209,0,0,true,
210,0,0,true,
211,0,0,true,
212,0,0,true,
213,0,0,true,
214,0,0,true,
215,0,1,false,0
216,1,1,true,
217,0,0,true,
218,0,0,true,
219,0,1,false,1
220,0,1,false,1
221,0,0,true,
222,0,0,true,
223,0,0,true,
224,0,0,true,
225,0,0,true,
226,0,0,true,
227,0,0,true,
228,0,0,true,
229,0,0,true,
230,0,0,true,
231,0,0,true,
232,0,0,true,
233,0,0,true,
234,0,0,true,
235,0,0,true,
236,0,0,true,
237,-1,-1,true,
238,0,0,true,
239,0,0,true,
240,1,1,true,
241,0,0,true,
242,1,1,true,
243,-1,-1,true,
244,0,0,true,
245,0,0,true,
246,0,0,true,
247,0,0,true,
248,0,0,true,
249,0,0,true,
250,0,0,true,
251,0,0,true,
252,0,0,true,
253,0,1,false,1
254,0,0,true,
255,0,0,true,
256,0,0,true,
257,0,0,true,
258,0,0,true,
259,0,0,true,
260,0,0,true,
261,0,0,true,
262,0,0,true,
263,0,0,true,
264,1,1,true,
265,0,0,true,
266,0,0,true,
267,0,1,false,1
268,0,0,true,
269,0,1,false,0
270,1,1,true,
271,0,0,true,
272,0,0,true,
273,0,0,true,
274,0,0,true,
275,0,0,true,
276,0,0,true,
277,1,1,true,
278,0,0,true,
279,-1,-1,true,
280,1,1,true,
281,1,1,true,
282,1,1,true,
283,0,0,true,
284,1,1,true,
285,1,1,true,
286,1,1,true,
287,1,1,true,
288,0,0,true,
289,1,1,true,
290,1,1,true,
291,1,1,true,
292,1,1,true,
293,0,0,true,
294,1,1,true,
295,1,1,true,
296,0,0,true,0
297,1,1,true,
298,0,1,false,1
299,0,0,true,
300,0,0,true,
301,1,1,true,
302,0,0,true,
303,1,1,true,
304,0,0,true,
305,0,1,false,0
306,0,0,true,
307,1,1,true,
308,-1,-1,true,
309,-1,-1,true,
310,0,0,true,
311,0,0,true,
312,0,0,true,
313,0,0,true,
314,1,1,true,
315,0,0,true,
316,1,1,true,
317,0,0,true,
318,0,1,false,1
319,1,1,true,
320,1,1,true,
321,0,0,true,
322,0,0,true,
323,0,1,false,0
324,1,1,true,
325,0,0,true,
326,0,0,true,
327,1,1,true,
328,0,0,true,
329,0,0,true,
330,1,1,true,
331,1,1,true,
332,0,0,true,
333,0,0,true,
334,1,1,true,
335,0,0,true,
336,1,1,true,
337,0,0,true,
338,0,0,true,
339,0,0,true,
340,0,0,true,
341,0,0,true,
342,0,0,true,
343,1,1,true,
344,1,1,true,
345,0,0,true,
346,0,0,true,
347,0,0,true,
348,0,0,true,
349,0,0,true,
350,0,0,true,
351,1,1,true,
352,1,1,true,
353,1,0,false,1
354,0,0,true,
355,0,0,true,
356,0,0,true,
357,1,1,true,
358,0,0,true,
359,0,0,true,
360,-1,-1,true,
361,-1,-1,true,
362,-1,-1,true,
363,-1,-1,true,
364,-1,-1,true,
365,1,1,true,
366,0,0,true,
367,0,0,true,
368,0,0,true,
369,0,0,true,
370,-1,-1,true,
371,0,0,true,
372,0,0,true,
373,0,0,true,
374,1,1,true,
375,-1,-1,true,
376,0,0,true,
377,0,0,true,
378,1,0,false,1
379,-1,-1,true,
380,0,0,true,
381,0,1,false,1
382,-1,-1,true,
383,-1,-1,true,
384,-1,-1,true,
385,-1,-1,true,
386,-1,-1,true,
387,-1,-1,true,
388,-1,-1,true,
389,1,1,true,
390,-1,-1,true,
391,0,0,true,
392,0,0,true,
393,0,0,true,
394,0,0,true,
395,1,1,true,
396,-1,-1,true,
397,-1,-1,true,
398,0,0,true,
399,0,0,true,
400,1,1,true,
401,-1,-1,true,
402,1,1,true,
403,-1,-1,true,
404,0,0,true,
405,1,1,true,
406,0,0,true,
407,1,1,true,
408,0,0,true,
409,0,0,true,
410,-1,-1,true,
411,0,0,true,
412,0,0,true,
413,0,0,true,
414,1,1,true,
415,0,0,true,
416,-1,-1,true,
417,-1,-1,true,
418,-1,-1,true,
419,-1,-1,true,
420,-1,-1,true,
421,-1,-1,true,
422,1,0,false,1
423,0,0,true,
424,0,0,true,
425,-1,-1,true,
426,1,1,true,
427,0,0,true,
428,0,1,false,1
429,0,0,true,
430,0,0,true,
431,0,0,true,
432,-1,-1,true,
433,-1,-1,true,
434,-1,-1,true,
435,-1,-1,true,
436,-1,-1,true,
437,-1,-1,true,
438,-1,-1,true,
439,0,0,true,
440,1,1,true,
441,0,0,true,
442,0,0,true,
443,0,0,true,
444,-1,-1,true,
445,1,1,true,
446,0,0,true,
447,-1,-1,true,
448,1,1,true,
449,-1,-1,true,
450,-1,-1,true,
451,-1,-1,true,
452,-1,-1,true,
453,-1,-1,true,
454,-1,-1,true,
455,-1,-1,true,
456,0,0,true,
457,0,0,true,
458,0,0,true,
459,0,0,true,
460,0,0,true,
461,0,0,true,
462,0,0,true,
463,0,0,true,
464,0,0,true,
465,-1,-1,true,
466,0,0,true,
467,0,0,true,
468,0,0,true,
469,0,0,true,
470,0,0,true,
471,0,0,true,
472,0,0,true,
473,0,1,false,1
474,0,1,false,0
475,0,0,true,
476,0,0,true,
477,0,0,true,
478,0,0,true,
479,0,0,true,
480,0,0,true,
481,0,0,true,
482,0,0,true,
483,0,0,true,
484,0,0,true,
485,0,0,true,
486,0,0,true,
487,0,0,true,
488,0,0,true,
489,0,0,true,
490,0,0,true,
491,-1,-1,true,
492,-1,-1,true,
493,-1,-1,true,
494,-1,-1,true,
495,-1,-1,true,
496,0,0,true,
497,0,0,true,
498,0,0,true,
499,0,0,true,
500,0,0,true,
501,0,0,true,
502,0,0,true,
503,0,0,true,
504,0,0,true,
505,0,0,true,
506,0,0,true,
507,0,0,true,
508,0,0,true,
509,0,0,true,
510,0,0,true,
511,0,0,true,
512,1,1,true,
513,0,0,true,
514,0,0,true,
515,0,0,true,
516,-1,-1,true,
517,-1,-1,true,
518,-1,-1,true,
519,-1,-1,true,
520,0,0,true,
521,0,0,true,
522,0,0,true,
523,0,0,true,
524,0,1,false,1
525,0,0,true,
526,0,0,true,
527,0,0,true,
528,0,0,true,
529,0,1,false,0
530,0,0,true,
531,0,0,true,
532,0,0,true,
533,0,0,true,
534,0,0,true,
535,-1,-1,true,
536,-1,-1,true,
537,0,0,true,
538,0,0,true,
539,0,0,true,
540,-1,-1,true,
541,0,0,true,
542,0,0,true,
543,0,0,true,
544,0,0,true,
545,0,0,true,
546,0,0,true,
547,0,0,true,
548,-1,-1,true,
549,-1,-1,true,
550,-1,-1,true,
551,0,0,true,
552,0,0,true,
553,0,0,true,
554,0,0,true,
555,0,0,true,
556,-1,-1,true,
557,-1,-1,true,
558,0,0,true,
559,0,0,true,
560,-1,-1,true,
561,0,0,true,
562,0,0,true,
563,0,0,true,
564,0,1,false,1
565,0,0,true,
566,0,0,true,
567,0,0,true,
568,0,0,true,
569,0,0,true,
570,0,0,true,
571,0,0,true,
572,0,0,true,
573,0,0,true,
574,0,0,true,
575,0,0,true,
576,0,0,true,
577,0,0,true,
578,0,0,true,
579,0,0,true,
580,0,0,true,
581,0,0,true,
582,0,0,true,
583,0,0,true,
584,0,0,true,
585,0,0,true,
586,0,0,true,
587,0,0,true,
588,0,0,true,
589,0,0,true,
590,0,0,true,
591,0,0,true,
592,0,1,false,0
593,0,0,true,
594,0,0,true,
595,0,0,true,
596,0,0,true,
597,0,0,true,
598,0,0,true,
599,0,0,true,
600,0,0,true,
601,0,0,true,
602,0,0,true,
603,0,0,true,
604,0,0,true,
605,0,0,true,
606,0,0,true,
607,0,0,true,
608,0,0,true,
609,0,0,true,
610,0,0,true,
611,0,0,true,
612,0,0,true,
613,0,0,true,
614,0,0,true,
615,0,0,true,
616,0,0,true,
617,0,0,true,
618,0,0,true,
619,0,0,true,
620,0,0,true,
621,0,0,true,
622,0,0,true,
623,0,0,true,
624,0,0,true,
625,0,0,true,
626,0,0,true,
627,0,0,true,
628,0,0,true,
629,0,0,true,
630,0,0,true,
631,0,0,true,
632,0,0,true,
633,1,1,true,
634,0,0,true,
635,0,1,false,1
636,0,0,true,
637,0,0,true,
638,0,0,true,
639,0,0,true,
640,0,0,true,
641,0,0,true,
642,0,0,true,
643,0,0,true,
644,0,0,true,
645,1,1,true,
646,0,0,true,
647,0,0,true,
648,0,0,true,
649,0,0,true,
650,0,0,true,
651,0,0,true,
652,0,0,true,
653,0,0,true,
654,0,0,true,
655,0,0,true,
656,0,0,true,
657,1,1,true,
658,-1,-1,true,
659,-1,-1,true,
660,-1,-1,true,
661,-1,-1,true,
662,0,0,true,
663,-1,-1,true,
664,-1,-1,true,
665,-1,-1,true,
666,-1,-1,true,
667,-1,-1,true,
668,-1,-1,true,
669,-1,-1,true,
670,-1,-1,true,
671,-1,-1,true,
672,0,0,true,
673,0,0,true,
674,0,0,true,
675,0,0,true,
676,-1,-1,true,
677,-1,-1,true,
678,-1,-1,true,
679,0,0,true,
680,0,0,true,
681,0,0,true,
682,0,0,true,
683,0,1,false,0
684,0,0,true,
685,0,0,true,
686,0,0,true,
687,0,0,true,
688,0,0,true,
689,0,0,true,
690,0,0,true,
691,0,0,true,
692,0,0,true,
693,-1,-1,true,
694,0,1,false,0
695,0,0,true,
696,0,0,true,
697,0,0,true,
698,0,0,true,
699,0,0,true,
700,0,0,true,
701,0,0,true,
702,0,1,false,1
703,0,0,true,
704,0,0,true,
705,0,0,true,
706,0,0,true,
707,0,0,true,
708,0,0,true,
709,0,0,true,
710,0,0,true,
711,0,0,true,
712,0,0,true,
713,0,0,true,
714,0,0,true,
715,0,0,true,
716,0,0,true,
717,0,0,true,
718,0,0,true,
719,0,0,true,
720,0,0,true,
721,0,0,true,
722,0,0,true,
723,0,0,true,
724,0,0,true,
725,0,0,true,
726,0,0,true,
727,0,0,true,
728,0,0,true,
729,0,0,true,
730,0,0,true,
731,0,0,true,
732,0,0,true,
733,0,0,true,
734,0,0,true,
735,0,0,true,
736,0,0,true,
737,0,0,true,
738,0,0,true,
739,0,0,true,
740,0,0,true,
741,0,0,true,
742,0,0,true,
743,0,0,true,
744,0,0,true,
745,0,0,true,
746,0,0,true,
747,0,0,true,
748,-1,-1,true,
749,-1,-1,true,
750,-1,-1,true,
751,-1,-1,true,
752,0,0,true,
753,0,0,true,
754,0,0,true,
755,0,0,true,
756,0,0,true,
757,0,0,true,
758,0,0,true,
759,0,0,true,
760,-1,-1,true,
761,0,0,true,
762,0,0,true,
763,0,0,true,
764,0,0,true,
765,0,0,true,
766,0,0,true,
767,0,0,true,
768,0,0,true,
769,1,1,true,
770,0,0,true,
771,0,0,true,
772,0,0,true,
773,0,0,true,
774,0,0,true,
775,0,0,true,
776,0,0,true,
777,0,0,true,
778,0,0,true,
779,0,0,true,
780,0,0,true,
781,0,0,true,
782,0,0,true,
783,0,0,true,
784,0,0,true,
785,0,0,true,
786,0,0,true,
787,0,0,true,
788,0,0,true,
789,0,0,true,
790,0,0,true,
791,0,0,true,
792,0,0,true,
793,0,0,true,
794,0,0,true,
795,0,0,true,
796,0,0,true,
797,0,0,true,
798,0,0,true,
799,0,0,true,
800,0,0,true,
801,0,0,true,
802,0,0,true,
803,0,0,true,
804,0,0,true,
805,0,0,true,
806,-1,-1,true,
807,-1,-1,true,
808,0,1,false,1
809,0,0,true,
810,0,0,true,
811,0,0,true,
812,0,0,true,
813,-1,-1,true,
814,0,0,true,
815,0,0,true,
816,0,0,true,
817,0,0,true,
818,0,0,true,
819,0,0,true,
820,0,0,true,
821,0,0,true,
822,0,0,true,
823,0,0,true,
824,0,0,true,
825,0,0,true,
826,0,0,true,
827,0,0,true,
828,0,0,true,
829,0,0,true,
830,0,0,true,
831,0,0,true,
832,0,0,true,
833,0,0,true,
834,0,0,true,
835,0,0,true,
836,0,0,true,
837,0,0,true,
838,0,0,true,
839,0,0,true,
840,0,0,true,
841,0,0,true,
842,,0,true,
843,0,0,true,
844,0,0,true,
845,0,0,true,
846,0,0,true,
847,0,0,true,
848,0,0,true,
849,0,0,true,
850,0,0,true,
851,0,0,true,
852,0,0,true,
853,0,0,true,
854,0,0,true,
855,-1,-1,true,
856,-1,-1,true,
857,0,0,true,
858,0,0,true,
859,0,0,true,
860,0,0,true,
861,-1,-1,true,
862,0,0,true,
863,0,0,true,
864,0,0,true,
865,0,0,true,
866,0,0,true,
867,0,0,true,
868,0,0,true,
869,0,0,true,
870,-1,-1,true,
871,0,0,true,
872,0,0,true,
873,0,0,true,
874,0,0,true,
875,0,0,true,
876,-1,-1,true,
877,0,0,true,
878,0,0,true,
879,0,0,true,
880,0,0,true,
881,0,0,true,
882,0,0,true,
883,0,0,true,
884,0,0,true,
885,0,0,true,
886,0,0,true,
887,0,0,true,
888,0,0,true,
889,0,0,true,
890,-1,-1,true,
891,-1,-1,true,
892,0,0,true,
893,-1,-1,true,
894,0,0,true,
895,-1,-1,true,
896,0,0,true,
897,-1,-1,true,
898,0,0,true,
899,0,1,false,1
900,0,0,true,
901,-1,-1,true,
902,0,0,true,
903,-1,-1,true,
904,0,0,true,
905,0,0,true,
906,0,0,true,
907,0,0,true,
908,-1,-1,true,
909,-1,-1,true,
910,0,0,true,
911,-1,-1,true,
912,-1,-1,true,
913,0,0,true,
914,-1,-1,true,
915,-1,-1,true,
916,-1,-1,true,
917,-1,-1,true,
918,-1,-1,true,
919,0,0,true,
920,0,0,true,
921,0,0,true,
922,0,0,true,
923,1,1,true,
924,0,0,true,
925,0,1,false,0
926,0,1,false,1
927,0,0,true,
928,0,0,true,
929,0,0,true,
930,0,0,true,
931,0,0,true,
932,0,1,false,1
933,0,0,true,
934,0,0,true,
935,0,0,true,
936,0,0,true,
937,0,0,true,
938,0,0,true,
939,0,0,true,
940,0,0,true,
941,0,0,true,
942,0,1,false,0
943,0,0,true,
944,-1,-1,true,
945,0,0,true,
946,0,0,true,
947,0,0,true,
948,0,0,true,
949,0,0,true,
950,-1,-1,true,
951,-1,-1,true,
952,-1,-1,true,
953,-1,-1,true,
954,0,0,true,
955,0,0,true,
956,0,0,true,
957,0,0,true,
958,-1,-1,true,
959,-1,-1,true,
960,-1,-1,true,
961,-1,-1,true,
962,-1,-1,true,
963,-1,-1,true,
964,0,0,true,
965,0,0,true,
966,0,0,true,
967,0,1,false,1
968,0,0,true,
969,0,0,true,
970,-1,-1,true,
971,0,0,true,
972,1,0,false,1
973,0,0,true,
974,-1,-1,true,
975,0,0,true,
976,0,0,true,
977,0,0,true,
978,0,0,true,
979,0,0,true,
980,0,0,true,
981,1,0,false,1
982,1,0,false,1
983,1,0,false,1
984,0,0,true,
985,0,0,true,
986,0,0,true,
987,0,0,true,
988,0,0,true,
989,0,0,true,
990,0,0,true,
991,-1,-1,true,
992,0,0,true,
993,1,1,true,
994,0,0,true,
995,0,1,false,0
996,0,0,true,
997,0,0,true,
998,0,0,true,
999,0,1,false,1
1000,0,0,true,
1001,0,0,true,
1002,-1,-1,true,
1003,0,0,true,
1004,-1,-1,true,
1005,-1,-1,true,
1006,0,0,true,
1007,-1,-1,true,
1008,-1,-1,true,
1009,0,1,false,0
1010,0,0,true,
1011,0,0,true,
1012,0,0,true,
1013,-1,-1,true,
1014,0,0,true,
1015,-1,-1,true,
1016,0,1,false,0
1017,0,0,true,
1018,-1,-1,true,
1019,0,0,true,
1020,0,0,true,
1021,0,0,true,
1022,0,0,true,
1023,0,0,true,
1024,0,0,true,
1025,0,0,true,
1026,0,0,true,
1027,0,0,true,
1028,-1,-1,true,
1029,0,0,true,
1030,0,0,true,
1031,0,0,true,
1032,-1,-1,true,
1033,1,1,true,
1034,1,1,true,
1035,0,1,false,1
1036,1,1,true,
1037,0,1,false,1
1038,1,1,true,
1039,1,1,true,
1040,0,0,true,
1041,0,0,true,
1042,1,1,true,
1043,-1,-1,true,
1044,1,1,true,
1045,0,1,false,1
1046,1,1,true,
1047,0,0,true,
1048,0,0,true,
1049,1,1,true,
1050,1,1,true,
1051,0,1,false,1
1052,1,1,true,
1053,1,1,true,
1054,0,1,false,1
1055,0,0,true,
1056,1,1,true,
1057,0,0,true,
1058,1,0,false,1
1059,0,0,true,
1060,0,1,false,1
1061,0,1,false,1
1062,0,0,true,
1063,1,1,true,
1064,0,0,true,
1065,0,0,true,
1066,0,0,true,
1067,0,0,true,
1068,0,1,false,1
1069,0,1,false,1
1070,0,0,true,
1071,0,0,true,
1072,0,1,false,1
1073,0,0,true,
1074,1,1,true,
1075,1,1,true,
1076,0,0,true,
1077,0,1,false,1
1078,0,1,false,1
1079,1,1,true,
1080,1,1,true,
1081,1,1,true,
1082,0,0,true,
1083,0,0,true,
1084,0,0,true,
1085,0,0,true,
1086,0,0,true,
1087,0,1,false,1
1088,0,0,true,
1089,0,0,true,
1090,0,1,false,1
1091,0,0,true,
1092,0,1,false,1
1093,0,1,false,1
1094,0,0,true,
1095,0,1,false,1
1096,0,1,false,1
1097,0,1,false,1
1098,0,1,false,1
1099,0,1,false,1
1100,0,1,false,1
1101,0,0,true,
1102,0,1,false,1
1103,1,1,true,
1104,1,1,true,
1105,0,0,true,
1106,0,0,true,
1107,0,1,false,1
1108,1,1,true,
1109,0,0,true,
1110,0,1,false,1
1111,0,1,false,1
1112,0,1,false,1
1113,1,1,true,
1114,0,0,true,
1115,0,1,false,1
1116,0,1,false,1
1117,0,1,false,1
1118,0,0,true,
1119,0,1,false,1
1120,0,0,true,
1121,0,0,true,
1122,0,1,false,1
1123,0,1,false,1
1124,0,0,true,
1125,0,1,false,1
1126,0,0,true,
1127,1,1,true,
1128,0,0,true,
1129,0,1,false,1
1130,0,0,true,
1131,0,1,false,1
1132,,0,true,
1133,0,1,false,1
1134,0,0,true,
1135,1,1,true,
1136,0,1,false,1
1137,0,1,false,
1138,0,0,true,
1139,0,0,true,
1140,0,1,false,
1141,0,1,false,
1142,0,1,false,
1143,0,1,false,
1144,0,0,true,
1145,0,0,true,
1146,0,0,true,
1147,0,0,true,
1148,0,0,true,
1149,0,0,true,
1150,0,0,true,
1151,0,0,true,
1152,0,0,true,
1153,0,1,false,
1154,0,0,true,
1155,0,0,true,
1156,0,0,true,
1157,0,0,true,
1158,0,0,true,
1159,0,1,false,
1160,0,0,true,
1161,0,0,true,
1162,0,0,true,
1163,0,0,true,
1164,0,0,true,
1165,0,0,true,
1166,0,0,true,
1167,0,1,false,
1168,0,0,true,
1169,0,0,true,
1170,0,1,false,
1171,0,0,true,
1172,0,0,true,
1173,0,0,true,
1174,0,0,true,
1175,0,0,true,
1176,-1,-1,true,
1177,0,0,true,
1178,0,0,true,
1179,0,0,true,
1180,0,0,true,
1181,0,0,true,
1182,0,0,true,
1183,0,0,true,
1184,0,0,true,
1185,0,0,true,
1186,0,0,true,
1187,-1,-1,true,
1188,0,0,true,
1189,-1,-1,true,
1190,0,0,true,
1191,0,0,true,
1192,0,0,true,
1193,0,0,true,
1194,0,0,true,
1195,0,0,true,
1196,0,0,true,
1197,0,0,true,
1198,0,0,true,
1199,0,0,true,
1200,0,0,true,
1201,0,0,true,
1202,0,0,true,
1203,0,0,true,
1204,0,0,true,
1205,-1,-1,true,
1206,-1,-1,true,
1207,0,0,true,
1208,0,0,true,
1209,0,0,true,
1210,0,0,true,
1211,0,0,true,
1212,0,0,true,
1213,0,0,true,
1214,0,0,true,
1215,0,0,true,
1216,0,0,true,
1217,-1,-1,true,
1218,0,0,true,
1219,0,0,true,
1220,0,0,true,
1221,0,0,true,
1222,0,0,true,
1223,-1,-1,true,
1224,0,0,true,
1225,-1,-1,true,
1226,0,0,true,
1227,0,0,true,
1228,-1,-1,true,
1229,0,0,true,
1230,0,0,true,
1231,0,0,true,
1232,0,0,true,
1233,0,0,true,
1234,0,0,true,
1235,0,0,true,
1236,0,0,true,
1237,-1,-1,true,
1238,0,0,true,
1239,0,0,true,
1240,0,0,true,
1241,0,0,true,
1242,0,0,true,
1243,0,0,true,
1244,0,0,true,
1245,0,0,true,
1246,0,0,true,
1247,0,0,true,
1248,0,0,true,
1249,-1,-1,true,
1250,0,0,true,
1251,0,0,true,
1252,0,0,true,
1253,0,0,true,
1254,0,0,true,
1255,0,0,true,
1256,0,0,true,
1257,0,0,true,
1258,0,0,true,
1259,0,0,true,
1260,0,0,true,
1261,0,0,true,
1262,0,0,true,
1263,0,0,true,
1264,0,0,true,
1265,0,0,true,
1266,0,0,true,
1267,0,0,true,
1268,0,0,true,
1269,0,0,true,
1270,0,0,true,
1271,0,0,true,
1272,0,0,true,
1273,0,0,true,
1274,0,0,true,
1275,0,0,true,
1276,0,0,true,
1277,-1,-1,true,
1278,0,0,true,
1279,0,0,true,
1280,0,0,true,
1281,0,0,true,
1282,0,1,false,
1283,0,1,false,
1284,0,0,true,
1285,0,0,true,
1286,0,0,true,
1287,0,0,true,
1288,0,0,true,
1289,0,0,true,
1290,0,0,true,
1291,0,0,true,
1292,0,0,true,
1293,0,0,true,
1294,0,0,true,
1295,0,0,true,
1296,0,0,true,
1297,0,1,false,
1298,0,0,true,
1299,0,0,true,
1300,0,0,true,
1301,0,0,true,
1302,0,0,true,
1303,0,0,true,
1304,-1,-1,true,
1305,0,0,true,
1306,0,0,true,
1307,0,0,true,
1308,0,0,true,
1309,0,0,true,
1310,0,0,true,
1311,0,0,true,
1312,0,0,true,
1313,0,0,true,
1314,0,0,true,
1315,0,0,true,
1316,0,0,true,
1317,0,0,true,
1318,0,0,true,
1319,0,0,true,
1320,0,0,true,
1321,0,0,true,
1322,0,0,true,
1323,0,0,true,
1324,0,0,true,
1325,0,0,true,
1326,0,0,true,
1327,0,0,true,
1328,0,0,true,
1329,0,0,true,
1330,0,0,true,
1331,0,0,true,
1332,0,0,true,
1333,0,0,true,
1334,0,0,true,
1335,0,0,true,
1336,0,0,true,
1337,0,0,true,
1338,0,0,true,
1339,0,0,true,
1340,0,0,true,
1341,0,0,true,
1342,0,0,true,
1343,0,0,true,
1344,0,0,true,
1345,0,0,true,
1346,0,0,true,
1347,0,0,true,
1348,0,0,true,
1349,0,0,true,
1350,0,0,true,
1351,0,0,true,
1352,0,0,true,
1353,0,1,false,
1354,0,0,true,
1355,0,0,true,
1356,0,1,false,
1357,0,0,true,
1358,0,0,true,
1359,0,0,true,
1360,0,0,true,
1361,0,0,true,
1362,0,0,true,
1363,0,0,true,
1364,0,0,true,
1365,0,0,true,
1366,0,0,true,
1367,0,0,true,
1368,0,0,true,
1369,0,0,true,
1370,0,0,true,
1371,0,0,true,
1372,0,0,true,
1373,0,0,true,
1374,0,0,true,
1375,0,0,true,
1376,0,1,false,
1377,0,0,true,
1378,0,0,true,
1379,0,0,true,
1380,0,0,true,
1381,0,1,false,
1382,0,0,true,
1383,0,0,true,
1384,0,0,true,
1385,0,0,true,
1386,0,0,true,
1387,0,0,true,
1388,0,0,true,
1389,-1,-1,true,
1390,-1,-1,true,
1391,-1,-1,true,
1392,-1,-1,true,
1393,-1,-1,true,
1394,-1,-1,true,
1395,-1,-1,true,
1396,-1,-1,true,
1397,-1,-1,true,
1398,-1,-1,true,
1399,-1,-1,true,
1400,-1,-1,true,
1401,-1,-1,true,
1402,0,1,false,
1403,0,0,true,
1404,-1,-1,true,
1405,0,0,true,
1406,0,0,true,
1407,0,0,true,
1408,0,0,true,
1409,0,0,true,
1410,0,0,true,
1411,0,0,true,
1412,0,0,true,
1413,0,0,true,
1414,0,0,true,
1415,0,0,true,
1416,-1,-1,true,
1417,-1,-1,true,
1418,0,0,true,
1419,-1,-1,true,
1420,0,1,false,
1421,0,0,true,
1422,0,0,true,
1423,0,0,true,
1424,0,0,true,
1425,0,0,true,
1426,0,0,true,
1427,0,1,false,
1428,0,0,true,
1429,0,0,true,
1430,0,0,true,
1431,0,0,true,
1432,0,1,false,
1433,-1,-1,true,
1434,-1,-1,true,
1435,-1,-1,true,
1436,0,0,true,
1437,-1,-1,true,
1438,0,0,true,
1439,0,0,true,
1440,-1,-1,true,
1441,-1,-1,true,
1442,1,1,true,
1443,0,0,true,
1444,0,0,true,
1445,-1,-1,true,
1446,0,0,true,
1447,0,0,true,
1448,-1,-1,true,
1449,0,0,true,
1450,0,0,true,
1451,0,0,true,
1452,0,0,true,
1453,0,0,true,
1454,0,0,true,
1455,0,0,true,
1456,0,0,true,
1457,0,0,true,
1458,0,0,true,
1459,0,0,true,
1460,-1,-1,true,
1461,-1,-1,true,
1462,-1,-1,true,
1463,-1,-1,true,
1464,0,0,true,
1465,0,0,true,
1466,-1,-1,true,
1467,0,0,true,
1468,0,0,true,
1469,-1,-1,true,
1470,-1,-1,true,
1471,-1,-1,true,
1472,0,0,true,
1473,0,0,true,
1474,0,0,true,
1475,0,0,true,
1476,0,0,true,
1477,0,0,true,
1478,0,0,true,
1479,0,0,true,
1480,-1,-1,true,
1481,-1,-1,true,
1482,0,0,true,
1483,-1,-1,true,
1484,-1,-1,true,
1485,0,0,true,
1486,0,0,true,
1487,0,0,true,
1488,0,0,true,
1489,0,0,true,
1490,0,0,true,
1491,0,0,true,
1492,0,0,true,
1493,0,0,true,
1494,0,0,true,
1495,0,0,true,
1496,0,0,true,
1497,0,0,true,
1498,0,0,true,
1499,0,0,true,
1500,0,0,true,
1501,0,0,true,
1502,0,0,true,
1503,0,0,true,
1504,0,0,true,
1505,0,0,true,
1506,0,1,false,
1507,0,0,true,
1508,0,0,true,
1509,0,0,true,
1510,0,0,true,
1511,0,0,true,
1512,0,0,true,
1513,0,0,true,
1514,0,0,true,
1515,0,0,true,
1516,0,0,true,
1517,-1,-1,true,
1518,0,0,true,
1519,0,0,true,
1520,0,0,true,
1521,0,0,true,
1522,0,1,false,
1523,0,0,true,
1524,0,0,true,
1525,0,0,true,
1526,-1,-1,true,
1527,-1,-1,true,
1528,0,0,true,
1529,0,0,true,
1530,0,0,true,
1531,0,0,true,
1532,0,0,true,
1533,0,0,true,
1534,0,0,true,
1535,0,0,true,
1536,0,0,true,
1537,0,0,true,
1538,0,0,true,
1539,0,0,true,
1540,0,0,true,
1541,0,0,true,
1542,0,0,true,
1543,0,0,true,
1544,0,0,true,
1545,0,0,true,
1546,0,0,true,
1547,0,0,true,
1548,0,0,true,
1549,0,0,true,
1550,0,0,true,
1551,0,0,true,
1552,1,0,false,
1553,0,0,true,
1554,0,0,true,
1555,0,0,true,
1556,0,0,true,
1557,0,0,true,
1558,0,1,false,
1559,1,0,false,
1560,0,0,true,
1561,0,0,true,
1562,1,1,true,
1563,0,0,true,
1564,0,1,false,
1565,1,1,true,
1566,0,1,false,
1567,0,1,false,
1568,0,0,true,
1569,0,1,false,
1570,1,1,true,
1571,0,0,true,
1572,0,0,true,
1573,0,0,true,
1574,0,0,true,
1575,0,0,true,
1576,0,0,true,
1577,0,0,true,
1578,0,0,true,
1579,0,1,false,
1580,0,0,true,
1581,1,0,false,
1582,-1,-1,true,
1583,0,0,true,
1584,0,0,true,
1585,0,0,true,
1586,0,0,true,
1587,0,0,true,
1588,0,1,false,
1589,0,0,true,
1590,0,0,true,
1591,0,0,true,
1592,0,0,true,
1593,-1,-1,true,
1594,0,0,true,
1595,-1,-1,true,
1596,0,0,true,
1597,0,0,true,
1598,0,0,true,
1599,0,0,true,
1600,0,0,true,
1601,0,0,true,
1602,0,0,true,
1603,0,0,true,
1604,0,0,true,
1605,0,0,true,
1606,0,0,true,
1607,0,0,true,
1608,0,0,true,
1609,0,0,true,
1610,0,0,true,
1611,0,0,true,
1612,0,0,true,
1613,0,0,true,
1614,0,0,true,
1615,0,0,true,
1616,0,0,true,
1617,0,0,true,
1618,0,0,true,
1619,0,0,true,
1620,0,0,true,
1621,0,0,true,
1622,0,0,true,
1623,0,0,true,
1624,0,0,true,
1625,0,0,true,
1626,0,0,true,
1627,0,0,true,
1628,0,0,true,
1629,0,0,true,
1630,0,0,true,
1631,0,0,true,
1632,0,0,true,
1633,0,1,false,
1634,0,0,true,
1635,0,0,true,
1636,0,0,true,
1637,0,0,true,
1638,0,0,true,
1639,0,0,true,
1640,0,0,true,
1641,0,0,true,
1642,0,0,true,
1643,0,0,true,
1644,-1,-1,true,
1645,0,0,true,
1646,0,0,true,
1647,0,0,true,
1648,0,0,true,
1649,0,0,true,
1650,0,0,true,
1651,0,0,true,
1652,0,0,true,
1653,0,0,true,
1654,0,0,true,
1655,0,0,true,
1656,0,0,true,
1657,0,0,true,
1658,0,0,true,
1659,0,0,true,
1660,0,0,true,
1661,0,0,true,
1662,0,0,true,
1663,0,0,true,
1664,0,0,true,
1665,0,0,true,
1666,0,0,true,
1667,0,0,true,
1668,0,0,true,
1669,0,0,true,
1670,0,0,true,
1671,0,0,true,
1672,0,0,true,
1673,0,0,true,
1674,0,0,true,
1675,0,0,true,
1676,0,0,true,
1677,0,0,true,
1678,0,0,true,
1679,0,0,true,
1680,0,0,true,
1681,0,0,true,
1682,-1,-1,true,
1683,0,0,true,
1684,0,0,true,
1685,0,0,true,
1686,-1,-1,true,
1687,-1,-1,true,
1688,-1,-1,true,
1689,0,0,true,
1690,0,0,true,
1691,-1,-1,true,
1692,-1,-1,true,
1693,0,0,true,
1694,0,0,true,
1695,0,0,true,
1696,0,0,true,
1697,0,0,true,
1698,0,0,true,
1699,0,0,true,
1700,0,0,true,
1701,0,0,true,
1702,0,0,true,
1703,0,0,true,
1704,0,0,true,
1705,0,0,true,
1706,0,1,false,
1707,0,0,true,
1708,0,0,true,
1709,0,0,true,
1710,0,0,true,
1711,0,0,true,
1712,0,0,true,
1713,0,0,true,
1714,0,0,true,
1715,0,1,false,
1716,0,0,true,
1717,0,0,true,
1718,0,0,true,
1719,0,0,true,
1720,0,0,true,
1721,0,0,true,
1722,0,0,true,
1723,0,0,true,
1724,0,0,true,
1725,0,0,true,
1726,0,0,true,
1727,0,0,true,
1728,-1,-1,true,
1729,0,0,true,
1730,0,0,true,
1731,0,0,true,
1732,0,0,true,
1733,0,0,true,
1734,-1,-1,true,
1735,0,0,true,
1736,0,0,true,
1737,0,0,true,
1738,0,0,true,
1739,0,0,true,
1740,0,0,true,
1741,0,0,true,
1742,-1,-1,true,
1743,-1,-1,true,
1744,-1,-1,true,
1745,-1,-1,true,
1746,0,1,false,
1747,-1,-1,true,
1748,0,0,true,
1749,0,0,true,
1750,0,0,true,
1751,-1,-1,true,
1752,0,0,true,
1753,-1,-1,true,
1754,0,0,true,
1755,-1,-1,true,
1756,-1,-1,true,
1757,-1,-1,true,
1758,0,0,true,
1759,-1,-1,true,
1760,0,0,true,
1761,0,0,true,
1762,0,0,true,
1763,0,0,true,
1764,0,0,true,
1765,0,0,true,
1766,0,0,true,
1767,0,0,true,
1768,0,0,true,
1769,0,0,true,
1770,0,0,true,
1771,0,0,true,
1772,0,0,true,
1773,0,0,true,
1774,0,0,true,
1775,0,0,true,
1776,-1,-1,true,
1777,0,0,true,
1778,-1,-1,true,
1779,-1,-1,true,
1780,-1,-1,true,
1781,0,0,true,
1782,0,0,true,
1783,0,0,true,
1784,0,0,true,
1785,-1,-1,true,
1786,-1,-1,true,
1787,-1,-1,true,
1788,0,0,true,
1789,0,0,true,
1790,0,0,true,
1791,-1,-1,true,
1792,0,0,true,
1793,0,0,true,
1794,0,0,true,
1795,0,0,true,
1796,0,0,true,
1797,0,0,true,
1798,0,0,true,
1799,0,0,true,
1800,0,0,true,
1801,0,0,true,
1802,0,0,true,
1803,-1,-1,true,
1804,0,0,true,
1805,-1,-1,true,
1806,0,0,true,
1807,-1,-1,true,
1808,-1,-1,true,
1809,0,0,true,
1810,0,0,true,
1811,0,0,true,
1812,0,1,false,
1813,0,0,true,
1814,0,0,true,
1815,0,0,true,
1816,0,0,true,
1817,0,0,true,
1818,0,0,true,
1819,0,0,true,
1820,0,0,true,
1821,0,0,true,
1822,0,0,true,
1823,0,0,true,
1824,0,0,true,
1825,0,0,true,
1826,0,0,true,
1827,0,0,true,
1828,0,0,true,
1829,0,0,true,
1830,0,0,true,
1831,0,0,true,
1832,0,0,true,
1833,0,0,true,
1834,0,0,true,
1835,0,0,true,
1836,0,0,true,
1837,0,0,true,
1838,0,0,true,
1839,0,0,true,
1840,-1,-1,true,
1841,0,0,true,
1842,0,0,true,
1843,0,0,true,
1844,0,0,true,
1845,0,0,true,
1846,0,0,true,
1847,0,0,true,
1848,0,0,true,
1849,0,0,true,
1850,0,0,true,
1851,0,0,true,
1852,0,0,true,
1853,0,0,true,
1854,0,0,true,
1855,0,0,true,
1856,0,0,true,
1857,0,0,true,
1858,0,0,true,
1859,0,0,true,
1860,0,0,true,
1861,-1,-1,true,
1862,-1,-1,true,
1863,0,0,true,
1864,0,0,true,
1865,-1,-1,true,
1866,0,0,true,
1867,0,0,true,
1868,0,0,true,
1869,0,0,true,
1870,0,0,true,
1871,0,0,true,
1872,0,0,true,
1873,-1,-1,true,
1874,0,0,true,
1875,0,0,true,
1876,0,0,true,
1877,0,0,true,
1878,0,0,true,
1879,-1,-1,true,
1880,-1,-1,true,
1881,-1,-1,true,
1882,0,0,true,
1883,-1,-1,true,
1884,-1,-1,true,
1885,0,0,true,
1886,0,0,true,
1887,0,0,true,
1888,0,0,true,
1889,0,0,true,
1890,-1,-1,true,
1891,0,0,true,
1892,1,0,false,
1893,0,0,true,
1894,0,0,true,
1895,0,0,true,
1896,0,0,true,
1897,0,0,true,
1898,0,0,true,
1899,0,0,true,
1900,0,0,true,
1901,0,0,true,
1902,0,0,true,
1903,0,0,true,
1904,0,0,true,
1905,0,0,true,
1906,0,0,true,
1907,1,1,true,
1908,0,0,true,
1909,0,0,true,
1910,0,1,false,
1911,0,1,false,
1912,0,0,true,
1913,0,0,true,
1914,0,0,true,
1915,0,0,true,
1916,0,0,true,
1917,0,0,true,
1918,0,0,true,
1919,0,0,true,
1920,0,0,true,
1921,0,0,true,
1922,0,0,true,
1923,0,0,true,
1924,0,0,true,
1925,-1,-1,true,
1926,0,1,false,
1927,0,0,true,
1928,0,0,true,
1929,0,0,true,
1930,0,0,true,
1931,0,0,true,
1932,0,0,true,
1933,0,0,true,
1934,0,0,true,
1935,-1,-1,true,
1936,-1,-1,true,
1937,-1,-1,true,
1938,-1,-1,true,
1939,-1,-1,true,
1940,0,0,true,
1941,0,1,false,
1942,0,1,false,
1943,0,0,true,
1944,0,0,true,
1945,0,0,true,
1946,0,0,true,
1947,0,0,true,
1948,-1,-1,true,
1949,0,0,true,
1950,0,0,true,
1951,0,0,true,
1952,0,0,true,
1953,0,0,true,
1954,0,0,true,
1955,0,1,false,
1956,0,0,true,
1957,0,0,true,
1958,-1,-1,true,
1959,0,0,true,
1960,0,0,true,
1961,-1,-1,true,
1962,0,0,true,
1963,0,0,true,
1964,0,0,true,
1965,-1,-1,true,
1966,-1,-1,true,
1967,-1,-1,true,
1968,-1,-1,true,
1969,-1,-1,true,
1970,0,0,true,
1971,0,1,false,
1972,-1,-1,true,
1973,0,0,true,
1974,-1,-1,true,
1975,-1,-1,true,
1976,0,0,true,
1977,0,1,false,
1978,0,0,true,
1979,-1,-1,true,
1980,0,0,true,
1981,-1,-1,true,
1982,0,0,true,
1983,0,0,true,
1984,0,1,false,
1985,0,0,true,
1986,-1,-1,true,
1987,0,0,true,
1988,-1,-1,true,
1989,0,0,true,
1990,0,0,true,
1991,0,0,true,
1992,0,0,true,
1993,0,0,true,
1994,0,0,true,
1995,0,0,true,
1996,-1,-1,true,
1997,0,0,true,
1998,0,0,true,
1999,0,0,true,
2000,-1,-1,true,
2001,-1,-1,true,
2002,-1,-1,true,
2003,0,1,false,
2004,0,0,true,
2005,0,0,true,
2006,0,0,true,
2007,0,0,true,
2008,1,1,true,
2009,1,1,true,
2010,-1,-1,true,
2011,-1,-1,true,
2012,0,0,true,
2013,0,1,false,
2014,0,0,true,
2015,-1,-1,true,
2016,-1,-1,true,
2017,-1,-1,true,
2018,0,1,false,
2019,0,0,true,
2020,0,0,true,
2021,0,0,true,
2022,0,0,true,
2023,0,0,true,
2024,0,0,true,
2025,0,0,true,
2026,0,0,true,
2027,0,0,true,
2028,0,0,true,
2029,-1,-1,true,
2030,0,0,true,
2031,0,0,true,
2032,0,0,true,
2033,0,0,true,
2034,0,0,true,
2035,0,0,true,
2036,0,0,true,
2037,0,0,true,
2038,0,0,true,
2039,0,1,false,
2040,0,0,true,
2041,0,0,true,
2042,0,0,true,
2043,0,0,true,
2044,0,0,true,
2045,0,0,true,
2046,-1,-1,true,
2047,-1,-1,true,
2048,-1,-1,true,
2049,-1,-1,true,
2050,-1,-1,true,
2051,-1,-1,true,
2052,0,0,true,
2053,-1,-1,true,
2054,-1,-1,true,
2055,-1,-1,true,
2056,-1,-1,true,
2057,-1,-1,true,
2058,-1,-1,true,
2059,0,0,true,
2060,0,0,true,
2061,0,0,true,
2062,0,0,true,
2063,0,0,true,
2064,0,0,true,
2065,-1,-1,true,
2066,0,0,true,
2067,0,0,true,
2068,0,0,true,
2069,0,0,true,
2070,0,0,true,
2071,-1,-1,true,
2072,0,0,true,
2073,-1,-1,true,
2074,0,1,false,
2075,0,1,false,
2076,0,0,true,
2077,0,1,false,
2078,-1,-1,true,
2079,0,0,true,
2080,0,0,true,
2081,0,0,true,
2082,-1,-1,true,
2083,0,0,true,
2084,0,0,true,
2085,0,0,true,
2086,-1,-1,true,
2087,-1,-1,true,
2088,-1,-1,true,
2089,-1,-1,true,
2090,-1,-1,true,
2091,0,0,true,
2092,0,0,true,
2093,0,0,true,
2094,0,0,true,
2095,0,0,true,
2096,0,0,true,
2097,0,0,true,
2098,0,0,true,
2099,0,0,true,
2100,0,0,true,
2101,0,0,true,
2102,0,0,true,
2103,0,0,true,
2104,0,0,true,
2105,0,0,true,
2106,-1,-1,true,
2107,-1,-1,true,
2108,0,0,true,
2109,0,0,true,
2110,0,0,true,
2111,0,0,true,
2112,-1,-1,true,
2113,0,0,true,
2114,0,0,true,
2115,0,0,true,
2116,0,0,true,
2117,0,0,true,
2118,-1,-1,true,
2119,0,0,true,
2120,-1,-1,true,
2121,0,0,true,
2122,0,0,true,
2123,0,0,true,
2124,0,0,true,
2125,0,0,true,
2126,-1,-1,true,
2127,-1,-1,true,
2128,-1,-1,true,
2129,-1,-1,true,
2130,0,0,true,
2131,-1,-1,true,
2132,0,0,true,
2133,0,0,true,
2134,0,0,true,
2135,-1,-1,true,
2136,-1,-1,true,
2137,0,0,true,
2138,0,0,true,
2139,0,0,true,
2140,0,1,false,
2141,-1,-1,true,
2142,0,1,false,
2143,0,0,true,
2144,-1,-1,true,
2145,0,0,true,
2146,-1,-1,true,
2147,0,0,true,
2148,0,0,true,
2149,-1,-1,true,
2150,0,0,true,
2151,0,1,false,
2152,-1,-1,true,
2153,-1,-1,true,
2154,0,1,false,
2155,0,0,true,
2156,-1,-1,true,
2157,-1,-1,true,
2158,-1,-1,true,
2159,0,0,true,
2160,-1,-1,true,
2161,0,0,true,
2162,0,0,true,
2163,0,0,true,
2164,0,0,true,
2165,0,0,true,
2166,0,0,true,
2167,0,0,true,
2168,0,0,true,
2169,0,0,true,
2170,-1,-1,true,
2171,0,0,true,
2172,0,0,true,
2173,0,0,true,
2174,0,0,true,
2175,0,0,true,
2176,0,0,true,
2177,0,0,true,
2178,0,0,true,
2179,0,0,true,
2180,0,1,false,
2181,0,0,true,
2182,0,0,true,
2183,0,0,true,
2184,0,0,true,
2185,0,0,true,
2186,0,0,true,
2187,0,0,true,
2188,0,0,true,
2189,0,0,true,
2190,0,0,true,
2191,0,0,true,
2192,0,0,true,
2193,0,0,true,
2194,0,1,false,
2195,0,0,true,
2196,0,0,true,
2197,0,0,true,
2198,0,0,true,
2199,0,0,true,
2200,0,0,true,
2201,0,0,true,
2202,0,0,true,
2203,0,0,true,
2204,-1,-1,true,
2205,0,0,true,
2206,0,0,true,
2207,0,0,true,
2208,0,0,true,
2209,0,0,true,
2210,0,0,true,
2211,0,0,true,
2212,0,0,true,
2213,0,0,true,
2214,0,1,false,
2215,0,0,true,
2216,0,0,true,
2217,0,0,true,
2218,0,0,true,
2219,0,0,true,
2220,0,0,true,
2221,0,0,true,
2222,0,0,true,
2223,0,0,true,
2224,0,0,true,
2225,0,1,false,
2226,0,1,false,
2227,0,0,true,
2228,0,0,true,
2229,0,1,false,
2230,1,1,true,
2231,0,1,false,
2232,0,1,false,
2233,0,0,true,
2234,0,1,false,
2235,0,0,true,
2236,0,0,true,
2237,0,0,true,
2238,0,0,true,
2239,0,1,false,
2240,0,1,false,
2241,0,0,true,
2242,0,0,true,
2243,0,0,true,
2244,-1,-1,true,
2245,0,0,true,
2246,0,0,true,
2247,0,1,false,
2248,-1,-1,true,
2249,-1,-1,true,
2250,-1,-1,true,
2251,0,1,false,
2252,0,1,false,
2253,0,0,true,
2254,0,0,true,
2255,-1,-1,true,
2256,-1,-1,true,
2257,0,0,true,
2258,-1,-1,true,
2259,0,0,true,
2260,0,0,true,
2261,0,0,true,
2262,0,0,true,
2263,0,0,true,
2264,-1,-1,true,
2265,0,0,true,
2266,0,0,true,
2267,0,0,true,
2268,0,1,false,
2269,0,0,true,
2270,0,0,true,
2271,0,0,true,
2272,0,1,false,
2273,0,0,true,
2274,-1,-1,true,
2275,0,0,true,
2276,0,0,true,
2277,0,1,false,
2278,0,0,true,
2279,0,0,true,
2280,0,1,false,
2281,0,0,true,
2282,0,0,true,
2283,0,0,true,
2284,0,0,true,
2285,0,0,true,
2286,0,0,true,
2287,0,0,true,
2288,0,0,true,
2289,0,1,false,
2290,0,0,true,
2291,0,0,true,
2292,0,0,true,
2293,0,0,true,
2294,0,0,true,
2295,0,0,true,
2296,0,0,true,
2297,0,1,false,
2298,0,0,true,
2299,0,0,true,
2300,0,0,true,
2301,0,0,true,
2302,0,0,true,
2303,0,0,true,
2304,0,0,true,
2305,0,1,false,
2306,0,0,true,
2307,0,0,true,
2308,0,0,true,
2309,0,0,true,
2310,0,1,false,
2311,0,0,true,
2312,-1,-1,true,
2313,0,0,true,
2314,0,1,false,
2315,0,1,false,
2316,0,1,false,
2317,0,1,false,
2318,0,0,true,
2319,0,1,false,
2320,0,0,true,
2321,0,0,true,
2322,1,1,true,
2323,0,1,false,
2324,0,1,false,
2325,0,0,true,
2326,0,0,true,
2327,0,0,true,
2328,0,0,true,
2329,-1,-1,true,
2330,0,0,true,
2331,1,1,true,
2332,0,1,false,
2333,0,0,true,
2334,0,1,false,
2335,0,0,true,
2336,0,0,true,
2337,0,0,true,
2338,0,1,false,
2339,0,0,true,
2340,0,0,true,
2341,0,0,true,
2342,-1,-1,true,
2343,-1,-1,true,
2344,0,0,true,
2345,-1,-1,true,
2346,0,0,true,
2347,-1,-1,true,
2348,0,0,true,
2349,0,0,true,
2350,0,1,false,
2351,0,0,true,
2352,0,0,true,
2353,0,1,false,
2354,0,0,true,
2355,-1,-1,true,
2356,-1,-1,true,
2357,-1,-1,true,
2358,-1,-1,true,
2359,-1,-1,true,
2360,-1,-1,true,
2361,-1,-1,true,
2362,-1,-1,true,
2363,-1,-1,true,
2364,-1,-1,true,
2365,-1,-1,true,
2366,-1,-1,true,
2367,-1,-1,true,
2368,-1,-1,true,
2369,-1,-1,true,
2370,0,0,true,
2371,-1,-1,true,
2372,-1,-1,true,
2373,-1,-1,true,
2374,0,0,true,
2375,0,0,true,
2376,-1,-1,true,
2377,-1,-1,true,
2378,0,0,true,
2379,-1,-1,true,
2380,-1,-1,true,
2381,0,0,true,
2382,-1,-1,true,
2383,-1,-1,true,
2384,-1,-1,true,
2385,0,0,true,
2386,0,0,true,
2387,1,0,false,
2388,-1,-1,true,
2389,-1,-1,true,
2390,0,0,true,
2391,0,0,true,
2392,-1,-1,true,
2393,-1,-1,true,
2394,-1,-1,true,
2395,-1,-1,true,
2396,-1,-1,true,
2397,-1,-1,true,
2398,0,0,true,
2399,-1,-1,true,
2400,0,0,true,
2401,-1,-1,true,
2402,-1,-1,true,
2403,-1,-1,true,
2404,-1,-1,true,
2405,-1,-1,true,
2406,-1,-1,true,
2407,-1,-1,true,
2408,-1,-1,true,
2409,-1,-1,true,
2410,-1,-1,true,
2411,0,0,true,
2412,-1,-1,true,
2413,-1,-1,true,
2414,-1,-1,true,
2415,-1,-1,true,
2416,-1,-1,true,
2417,-1,-1,true,
2418,1,1,true,
2419,1,1,true,
2420,0,0,true,
2421,0,0,true,
2422,1,1,true,
2423,0,0,true,
2424,1,1,true,
2425,0,0,true,
2426,1,1,true,
2427,0,1,false,
2428,1,1,true,
2429,1,1,true,
2430,1,1,true,
2431,0,0,true,
2432,0,0,true,
2433,0,0,true,
2434,0,0,true,
2435,0,0,true,
2436,0,0,true,
2437,0,0,true,
2438,0,0,true,
2439,1,1,true,
2440,1,1,true,
2441,1,1,true,
2442,0,0,true,
2443,0,0,true,
2444,0,0,true,
2445,0,1,false,
2446,0,0,true,
2447,0,0,true,
2448,0,0,true,
2449,0,0,true,
2450,0,0,true,
2451,0,0,true,
2452,0,0,true,
2453,1,1,true,
2454,0,0,true,
2455,0,1,false,
2456,0,0,true,
2457,0,1,false,
2458,0,0,true,
2459,-1,-1,true,
2460,0,0,true,
2461,0,0,true,
2462,0,0,true,
2463,0,0,true,
2464,-1,-1,true,
2465,0,0,true,
2466,0,0,true,
2467,0,0,true,
2468,0,0,true,
2469,0,0,true,
2470,-1,-1,true,
2471,-1,-1,true,
2472,-1,-1,true,
2473,0,0,true,
2474,0,0,true,
2475,-1,-1,true,
2476,0,0,true,
2477,0,0,true,
2478,0,0,true,
2479,0,0,true,
2480,0,0,true,
2481,0,0,true,
2482,0,0,true,
2483,0,0,true,
2484,0,0,true,
2485,-1,-1,true,
2486,0,0,true,
2487,-1,-1,true,
2488,0,0,true,
2489,0,0,true,
2490,0,0,true,
2491,0,0,true,
2492,0,0,true,
2493,0,0,true,
2494,0,0,true,
2495,0,0,true,
2496,0,0,true,
2497,0,0,true,
2498,0,0,true,
2499,0,0,true,
2500,0,0,true,
2501,0,0,true,
2502,0,0,true,
2503,0,0,true,
2504,0,0,true,
2505,0,0,true,
2506,0,0,true,
2507,0,0,true,
2508,0,0,true,
2509,0,0,true,
2510,0,0,true,
2511,0,0,true,
2512,0,0,true,
2513,0,0,true,
2514,0,0,true,
2515,0,0,true,
2516,0,0,true,
2517,0,0,true,
2518,-1,-1,true,
2519,0,0,true,
2520,0,1,false,
2521,1,1,true,
2522,0,0,true,
2523,0,0,true,
2524,0,0,true,
2525,0,1,false,
2526,0,0,true,
2527,0,1,false,
2528,0,0,true,
2529,0,0,true,
2530,0,0,true,
2531,0,0,true,
2532,0,0,true,
2533,0,1,false,
2534,0,1,false,
2535,-1,-1,true,
2536,0,0,true,
2537,0,0,true,
2538,0,0,true,
2539,-1,-1,true,
2540,0,0,true,
2541,0,0,true,
2542,0,0,true,
2543,0,0,true,
2544,0,0,true,
2545,0,0,true,
2546,0,0,true,
2547,-1,-1,true,
2548,-1,-1,true,
2549,0,0,true,
2550,0,0,true,
2551,0,0,true,
2552,0,0,true,
2553,0,1,false,
2554,0,0,true,
2555,-1,-1,true,
2556,0,0,true,
2557,0,0,true,
2558,0,0,true,
2559,0,0,true,
2560,-1,-1,true,
2561,0,0,true,
2562,0,0,true,
2563,0,0,true,
2564,0,0,true,
2565,0,0,true,
2566,0,0,true,
2567,0,1,false,
2568,0,0,true,
2569,-1,-1,true,
2570,0,0,true,
2571,0,0,true,
2572,0,0,true,
2573,0,1,false,
2574,0,0,true,
2575,0,0,true,
2576,-1,-1,true,
2577,-1,-1,true,
2578,-1,-1,true,
2579,1,0,false,
2580,0,1,false,
2581,0,0,true,
2582,0,0,true,
2583,0,0,true,
2584,0,0,true,
2585,0,0,true,
2586,-1,-1,true,
2587,0,1,false,
2588,-1,-1,true,
2589,0,0,true,
2590,-1,-1,true,
2591,0,0,true,
2592,0,0,true,
2593,-1,-1,true,
2594,-1,-1,true,
2595,-1,-1,true,
2596,-1,-1,true,
2597,-1,-1,true,
2598,-1,-1,true,
2599,-1,-1,true,
2600,0,0,true,
2601,-1,-1,true,
2602,0,0,true,
2603,0,0,true,
2604,0,0,true,
2605,0,0,true,
2606,-1,-1,true,
2607,-1,-1,true,
2608,0,0,true,
2609,-1,-1,true,
2610,0,0,true,
2611,0,0,true,
2612,0,0,true,
2613,0,0,true,
2614,0,0,true,
2615,0,0,true,
2616,0,0,true,
2617,0,0,true,
2618,0,0,true,
2619,-1,-1,true,
2620,0,0,true,
2621,-1,-1,true,
2622,0,0,true,
2623,-1,-1,true,
2624,-1,-1,true,
2625,-1,-1,true,
2626,0,0,true,
2627,0,0,true,
2628,-1,-1,true,
2629,0,0,true,
2630,0,0,true,
2631,-1,-1,true,
2632,0,0,true,
2633,0,0,true,
2634,-1,-1,true,
2635,-1,-1,true,
2636,-1,-1,true,
2637,-1,-1,true,
2638,0,0,true,
2639,0,0,true,
2640,0,0,true,
2641,0,0,true,
2642,0,0,true,
2643,-1,-1,true,
2644,0,0,true,
2645,-1,-1,true,
2646,0,0,true,
2647,0,0,true,
2648,0,0,true,
2649,0,0,true,
2650,0,0,true,
2651,0,0,true,
2652,0,0,true,
2653,0,0,true,
2654,0,0,true,
2655,0,0,true,
2656,0,0,true,
2657,0,0,true,
2658,0,0,true,
2659,0,1,false,
2660,0,0,true,
2661,0,0,true,
2662,0,1,false,
2663,0,0,true,
2664,0,0,true,
2665,0,1,false,
2666,1,1,true,
2667,0,1,false,
2668,0,1,false,
2669,-1,-1,true,
2670,-1,-1,true,
2671,-1,-1,true,
2672,-1,-1,true,
2673,-1,-1,true,
2674,-1,-1,true,
2675,0,0,true,
2676,0,0,true,
2677,-1,-1,true,
2678,-1,-1,true,
2679,0,0,true,
2680,-1,-1,true,
2681,-1,-1,true,
2682,-1,-1,true,
2683,-1,-1,true,
2684,0,0,true,
2685,0,0,true,
2686,0,0,true,
2687,0,0,true,
2688,-1,-1,true,
2689,-1,-1,true,
2690,-1,-1,true,
2691,-1,-1,true,
2692,0,0,true,
2693,0,0,true,
2694,0,0,true,
2695,0,0,true,
2696,0,0,true,
2697,0,0,true,
2698,-1,-1,true,
2699,0,1,false,
2700,-1,-1,true,
2701,-1,-1,true,
2702,-1,-1,true,
2703,-1,-1,true,
2704,-1,-1,true,
2705,-1,-1,true,
2706,0,0,true,
2707,0,0,true,
2708,0,0,true,
2709,0,0,true,
2710,-1,-1,true,
2711,0,0,true,
2712,-1,-1,true,
2713,0,1,false,
2714,-1,-1,true,
2715,-1,-1,true,
2716,-1,-1,true,
2717,-1,-1,true,
2718,-1,-1,true,
2719,-1,-1,true,
2720,0,0,true,
2721,0,0,true,
2722,0,0,true,
2723,-1,-1,true,
2724,0,1,false,
2725,-1,-1,true,
2726,0,1,false,
2727,-1,-1,true,
2728,1,1,true,
2729,-1,-1,true,
2730,-1,-1,true,
2731,0,0,true,
2732,-1,-1,true,
2733,0,0,true,
2734,0,0,true,
2735,-1,-1,true,
2736,-1,-1,true,
2737,0,0,true,
2738,0,0,true,
2739,0,0,true,
2740,0,0,true,
2741,-1,-1,true,
2742,-1,-1,true,
2743,0,0,true,
2744,0,0,true,
2745,-1,-1,true,
2746,-1,-1,true,
2747,-1,-1,true,
2748,-1,-1,true,
2749,0,0,true,
2750,0,0,true,
2751,0,0,true,
2752,0,0,true,
2753,0,0,true,
2754,-1,-1,true,
2755,0,0,true,
2756,0,0,true,
2757,0,1,false,
2758,0,0,true,
2759,0,0,true,
2760,0,0,true,
2761,0,0,true,
2762,0,0,true,
2763,0,0,true,
2764,0,0,true,
2765,0,0,true,
2766,0,0,true,
2767,0,0,true,
2768,0,0,true,
2769,0,0,true,
2770,0,0,true,
2771,0,1,false,
2772,0,0,true,
2773,0,0,true,
2774,0,0,true,
2775,0,0,true,
2776,0,0,true,
2777,0,0,true,
2778,0,1,false,
2779,0,0,true,
2780,0,0,true,
2781,0,0,true,
2782,0,0,true,
2783,0,0,true,
2784,0,0,true,
2785,0,0,true,
2786,0,0,true,
2787,0,0,true,
2788,0,1,false,
2789,0,0,true,
2790,0,0,true,
2791,0,0,true,
2792,0,0,true,
2793,0,0,true,
2794,0,0,true,
2795,0,0,true,
2796,0,0,true,
2797,0,0,true,
2798,0,0,true,
2799,0,0,true,
2800,0,0,true,
2801,0,0,true,
2802,0,0,true,
2803,0,0,true,
2804,0,0,true,
2805,0,0,true,
2806,0,0,true,
2807,0,0,true,
2808,0,0,true,
2809,0,0,true,
2810,0,0,true,
2811,0,0,true,
2812,0,0,true,
2813,0,0,true,
2814,0,0,true,
2815,0,0,true,
2816,0,0,true,
2817,0,0,true,
2818,0,0,true,
2819,0,0,true,
2820,0,0,true,
2821,0,0,true,
2822,0,0,true,
2823,0,0,true,
2824,0,0,true,
2825,0,0,true,
2826,0,0,true,
2827,0,0,true,
2828,0,0,true,
2829,0,0,true,
2830,0,0,true,
2831,0,0,true,
2832,0,0,true,
2833,0,0,true,
2834,0,0,true,
2835,0,0,true,
2836,0,0,true,
2837,0,0,true,
2838,0,0,true,
2839,0,0,true,
2840,0,0,true,
2841,0,0,true,
2842,0,0,true,
2843,0,0,true,
2844,0,0,true,
2845,0,0,true,
2846,0,0,true,
2847,0,0,true,
2848,0,0,true,
2849,0,0,true,
2850,0,0,true,
2851,0,0,true,
2852,0,0,true,
2853,0,0,true,
2854,0,0,true,
2855,0,0,true,
2856,0,0,true,
2857,0,0,true,
2858,-1,-1,true,
2859,-1,-1,true,
2860,-1,-1,true,
2861,-1,-1,true,
2862,0,0,true,
2863,0,0,true,
2864,0,0,true,
2865,0,0,true,
2866,0,0,true,
2867,0,0,true,
2868,0,0,true,
2869,-1,-1,true,
2870,0,0,true,
2871,0,0,true,
2872,0,0,true,
2873,0,0,true,
2874,0,0,true,
2875,0,0,true,
2876,0,0,true,
2877,-1,-1,true,
2878,0,0,true,
2879,0,0,true,
2880,0,0,true,
2881,0,0,true,
2882,0,0,true,
2883,-1,-1,true,
2884,-1,-1,true,
2885,-1,-1,true,
2886,-1,-1,true,
2887,0,0,true,
2888,0,0,true,
2889,0,0,true,
2890,0,1,false,
2891,-1,-1,true,
2892,0,0,true,
2893,-1,-1,true,
2894,0,0,true,
2895,0,0,true,
2896,0,0,true,
2897,0,0,true,
2898,0,0,true,
2899,0,0,true,
2900,-1,-1,true,
2901,-1,-1,true,
2902,-1,-1,true,
2903,0,0,true,
2904,0,0,true,
2905,0,0,true,
2906,0,0,true,
2907,0,0,true,
2908,0,1,false,
2909,0,1,false,
2910,0,0,true,
2911,0,0,true,
2912,0,0,true,
2913,-1,-1,true,
2914,0,0,true,
2915,-1,-1,true,
2916,-1,-1,true,
2917,0,0,true,
2918,0,0,true,
2919,0,1,false,
2920,-1,-1,true,
2921,0,0,true,
2922,0,0,true,
2923,0,0,true,
2924,0,0,true,
2925,0,0,true,
2926,0,0,true,
2927,0,1,false,
2928,-1,-1,true,
2929,-1,-1,true,
2930,0,0,true,
2931,0,0,true,
2932,-1,-1,true,
2933,0,0,true,
2934,0,0,true,
2935,0,0,true,
2936,0,0,true,
2937,0,0,true,
2938,0,1,false,
2939,0,0,true,
2940,0,0,true,
2941,0,0,true,
2942,0,0,true,
2943,0,0,true,
2944,0,0,true,
2945,0,0,true,
2946,0,0,true,
2947,0,0,true,
2948,0,0,true,
2949,0,0,true,
2950,0,0,true,
2951,0,0,true,
2952,0,0,true,
2953,0,0,true,
2954,0,1,false,
2955,0,0,true,
2956,0,0,true,
2957,0,0,true,
2958,0,0,true,
2959,0,0,true,
2960,0,0,true,
2961,0,0,true,
2962,0,0,true,
2963,0,0,true,
2964,0,1,false,
2965,0,1,false,
2966,0,0,true,
2967,0,0,true,
2968,0,0,true,
2969,0,0,true,
2970,0,1,false,
2971,0,0,true,
2972,0,0,true,
2973,0,0,true,
2974,0,0,true,
2975,0,0,true,
2976,-1,-1,true,
2977,-1,-1,true,
2978,0,0,true,
2979,1,1,true,
2980,1,1,true,
2981,0,0,true,
2982,0,0,true,
2983,0,1,false,
2984,0,0,true,
2985,0,0,true,
2986,0,0,true,
2987,0,0,true,
2988,0,0,true,
2989,0,0,true,
2990,0,0,true,
2991,0,0,true,
2992,0,0,true,
2993,0,0,true,
2994,0,0,true,
2995,0,0,true,
2996,0,0,true,
2997,0,0,true,
2998,0,0,true,
2999,0,0,true,
3000,0,0,true,
3001,0,0,true,
3002,0,0,true,
3003,0,0,true,
3004,-1,-1,true,
3005,-1,-1,true,
3006,0,0,true,
3007,0,0,true,
3008,0,0,true,
3009,0,0,true,
3010,0,0,true,
3011,0,0,true,
3012,0,0,true,
3013,0,0,true,
3014,0,0,true,
3015,0,0,true,
3016,0,0,true,
3017,0,0,true,
3018,0,0,true,
3019,0,0,true,
3020,0,0,true,
3021,0,0,true,
3022,-1,-1,true,
3023,-1,-1,true,
3024,0,0,true,
3025,-1,-1,true,
3026,-1,-1,true,
3027,-1,-1,true,
3028,0,0,true,
3029,-1,-1,true,
3030,-1,-1,true,
3031,-1,-1,true,
3032,-1,-1,true,
3033,-1,-1,true,
3034,-1,-1,true,
3035,-1,-1,true,
3036,-1,-1,true,
3037,-1,-1,true,
3038,0,0,true,
3039,-1,-1,true,
3040,-1,-1,true,
3041,-1,-1,true,
3042,-1,-1,true,
3043,-1,-1,true,
3044,0,0,true,
3045,-1,-1,true,
3046,-1,-1,true,
3047,-1,-1,true,
3048,0,0,true,
3049,-1,-1,true,
3050,-1,-1,true,
3051,0,0,true,
3052,0,0,true,
3053,0,0,true,
3054,0,0,true,
3055,-1,-1,true,
3056,0,0,true,
3057,0,0,true,
3058,0,0,true,
3059,0,0,true,
3060,0,0,true,
3061,0,0,true,
3062,0,0,true,
3063,-1,-1,true,
3064,-1,-1,true,
3065,-1,-1,true,
3066,-1,-1,true,
3067,-1,-1,true,
3068,0,0,true,
3069,0,0,true,
3070,0,0,true,
3071,0,1,false,
3072,-1,-1,true,
3073,-1,-1,true,
3074,-1,-1,true,
3075,-1,-1,true,
3076,-1,-1,true,
3077,-1,-1,true,
3078,0,1,false,
3079,-1,-1,true,
3080,-1,-1,true,
3081,-1,-1,true,
3082,-1,-1,true,
3083,0,0,true,
3084,0,0,true,
3085,-1,-1,true,
3086,0,0,true,
3087,0,0,true,
3088,0,0,true,
3089,-1,-1,true,
3090,-1,-1,true,
3091,-1,-1,true,
3092,0,0,true,
3093,-1,-1,true,
3094,0,0,true,
3095,0,0,true,
3096,0,0,true,
3097,0,0,true,
3098,-1,-1,true,
3099,0,0,true,
3100,-1,-1,true,
3101,0,0,true,
3102,0,0,true,
3103,-1,-1,true,
3104,0,0,true,
3105,0,0,true,
3106,0,1,false,
3107,-1,-1,true,
3108,-1,-1,true,
3109,0,0,true,
3110,0,0,true,
3111,0,0,true,
3112,0,0,true,
3113,-1,-1,true,
3114,0,0,true,
3115,0,0,true,
3116,0,0,true,
3117,0,0,true,
3118,-1,-1,true,
3119,-1,-1,true,
3120,0,0,true,
3121,0,0,true,
3122,0,0,true,
3123,0,0,true,
3124,0,0,true,
3125,0,0,true,
3126,0,0,true,
3127,0,0,true,
3128,0,0,true,
3129,0,0,true,
3130,0,0,true,
3131,0,0,true,
3132,0,0,true,
3133,0,0,true,
3134,0,0,true,
3135,0,0,true,
3136,0,0,true,
3137,0,1,false,
3138,1,1,true,
3139,0,1,false,
3140,0,0,true,
3141,0,1,false,
3142,1,1,true,
3143,0,1,false,
3144,0,1,false,
3145,0,1,false,
3146,0,0,true,
3147,0,0,true,
3148,0,0,true,
3149,0,0,true,
3150,0,0,true,
3151,0,0,true,
3152,0,0,true,
3153,0,0,true,
3154,-1,-1,true,
3155,-1,-1,true,
3156,0,0,true,
3157,-1,-1,true,
3158,0,0,true,
3159,0,0,true,
3160,0,0,true,
3161,-1,-1,true,
3162,0,0,true,
3163,0,0,true,
3164,0,0,true,
3165,0,0,true,
3166,0,0,true,
3167,0,0,true,
3168,0,0,true,
3169,0,0,true,
3170,0,0,true,
3171,1,0,false,
3172,0,0,true,
3173,0,0,true,
3174,-1,-1,true,
3175,0,0,true,
3176,0,0,true,
3177,0,0,true,
3178,0,0,true,
3179,-1,-1,true,
3180,-1,-1,true,
3181,0,0,true,
3182,0,0,true,
3183,0,0,true,
3184,0,0,true,
3185,-1,-1,true,
3186,0,0,true,
3187,0,0,true,
3188,0,0,true,
3189,0,0,true,
3190,0,0,true,
3191,0,0,true,
3192,0,0,true,
3193,0,0,true,
3194,0,0,true,
3195,0,1,false,
3196,0,0,true,
3197,0,0,true,
3198,0,0,true,
3199,0,0,true,
3200,0,0,true,
3201,0,0,true,
3202,0,0,true,
3203,0,0,true,
3204,0,0,true,
3205,0,0,true,
3206,0,0,true,
3207,1,1,true,
3208,0,0,true,
3209,0,0,true,
3210,0,0,true,
3211,-1,-1,true,
3212,-1,-1,true,
3213,-1,-1,true,
3214,0,0,true,
3215,0,0,true,
3216,0,0,true,
3217,0,0,true,
3218,0,0,true,
3219,-1,-1,true,
3220,0,0,true,
3221,0,0,true,
3222,0,0,true,
3223,0,0,true,
3224,0,0,true,
3225,0,0,true,
3226,0,0,true,
3227,0,0,true,
3228,-1,-1,true,
3229,-1,-1,true,
3230,0,0,true,
3231,0,0,true,
3232,0,0,true,
3233,0,0,true,
3234,0,0,true,
3235,0,0,true,
3236,0,0,true,
3237,0,0,true,
3238,-1,-1,true,
3239,-1,-1,true,
3240,0,0,true,
3241,0,0,true,
3242,0,0,true,
3243,0,0,true,
3244,0,0,true,
3245,0,0,true,
3246,0,0,true,
3247,0,0,true,
3248,0,0,true,
3249,0,0,true,
3250,0,0,true,
3251,0,0,true,
3252,0,0,true,
3253,0,1,false,
3254,0,1,false,
3255,0,0,true,
3256,0,0,true,
3257,0,0,true,
3258,0,0,true,
3259,0,0,true,
3260,0,0,true,
3261,0,0,true,
3262,0,0,true,
3263,0,0,true,
3264,0,0,true,
3265,0,0,true,
3266,0,0,true,
3267,0,0,true,
3268,0,0,true,
3269,0,0,true,
3270,0,0,true,
3271,0,0,true,
3272,0,0,true,
3273,0,0,true,
3274,0,0,true,
3275,0,0,true,
3276,0,1,false,
3277,0,0,true,
3278,0,0,true,
3279,0,0,true,
3280,0,0,true,
3281,0,0,true,
3282,0,0,true,
3283,0,0,true,
3284,0,0,true,
3285,0,0,true,
3286,0,0,true,
3287,0,0,true,
3288,0,0,true,
3289,0,0,true,
3290,0,0,true,
3291,0,0,true,
3292,0,0,true,
3293,0,0,true,
3294,0,0,true,
3295,0,0,true,
3296,0,0,true,
3297,0,0,true,
3298,0,0,true,
3299,0,0,true,
3300,0,0,true,
3301,0,0,true,
3302,0,0,true,
3303,-1,-1,true,
3304,0,0,true,
3305,0,0,true,
3306,0,0,true,
3307,0,0,true,
3308,0,0,true,
3309,0,0,true,
3310,0,0,true,
3311,0,0,true,
3312,0,0,true,
3313,0,0,true,
3314,0,0,true,
3315,0,0,true,
3316,0,0,true,
3317,0,0,true,
3318,0,0,true,
3319,0,0,true,
3320,0,0,true,
3321,0,0,true,
3322,0,0,true,
3323,0,0,true,
3324,0,0,true,
3325,0,0,true,
3326,0,0,true,
3327,0,0,true,
3328,0,0,true,
3329,0,0,true,
3330,0,0,true,
3331,0,0,true,
3332,0,0,true,
3333,0,0,true,
3334,0,0,true,
3335,0,0,true,
3336,0,0,true,
3337,0,0,true,
3338,0,0,true,
3339,0,0,true,
3340,0,0,true,
3341,0,0,true,
3342,0,0,true,
3343,0,0,true,
3344,0,0,true,
3345,0,0,true,
3346,0,0,true,
3347,0,0,true,
3348,0,0,true,
3349,0,0,true,
3350,0,0,true,
3351,0,0,true,
3352,0,0,true,
3353,0,0,true,
3354,0,0,true,
3355,0,0,true,
3356,0,0,true,
3357,0,0,true,
3358,0,0,true,
3359,0,0,true,
3360,0,0,true,
3361,0,0,true,
3362,0,0,true,
3363,0,0,true,
3364,0,0,true,
3365,0,0,true,
3366,0,0,true,
3367,0,0,true,
3368,0,0,true,
3369,0,0,true,
3370,0,0,true,
3371,0,0,true,
3372,0,0,true,
3373,0,0,true,
3374,0,0,true,
3375,0,0,true,
3376,0,0,true,
3377,0,0,true,
3378,0,0,true,
3379,0,0,true,
3380,0,0,true,
3381,0,0,true,
3382,0,0,true,
3383,0,0,true,
3384,0,0,true,
3385,0,0,true,
3386,0,0,true,
3387,0,0,true,
3388,0,0,true,
3389,0,0,true,
3390,0,0,true,
3391,0,0,true,
3392,0,0,true,
3393,0,0,true,
3394,0,0,true,
3395,0,0,true,
3396,0,0,true,
3397,0,0,true,
3398,0,0,true,
3399,0,0,true,
3400,0,0,true,
3401,-1,-1,true,
3402,0,0,true,
3403,-1,-1,true,
3404,0,0,true,
3405,0,0,true,
3406,0,0,true,
3407,0,0,true,
3408,0,0,true,
3409,0,0,true,
3410,0,0,true,
3411,0,0,true,
3412,0,0,true,
3413,0,0,true,
3414,0,0,true,
3415,0,0,true,
3416,0,0,true,
3417,-1,-1,true,
3418,0,0,true,
3419,0,0,true,
3420,0,0,true,
3421,0,0,true,
3422,0,0,true,
3423,0,0,true,
3424,0,0,true,
3425,0,0,true,
3426,0,0,true,
3427,0,0,true,
3428,0,0,true,
3429,0,0,true,
3430,0,0,true,
3431,0,0,true,
3432,0,0,true,
3433,0,0,true,
3434,0,0,true,
3435,0,0,true,
3436,0,0,true,
3437,0,0,true,
3438,0,0,true,
3439,0,0,true,
3440,0,0,true,
3441,0,0,true,
3442,0,0,true,
3443,0,0,true,
3444,0,0,true,
3445,0,0,true,
3446,0,0,true,
3447,0,0,true,
3448,0,0,true,
3449,0,0,true,
3450,0,0,true,
3451,0,0,true,
3452,0,0,true,
3453,0,0,true,
3454,0,0,true,
3455,0,0,true,
3456,0,0,true,
3457,0,0,true,
3458,0,0,true,
3459,0,0,true,
3460,0,0,true,
3461,0,0,true,
3462,-1,-1,true,
3463,-1,-1,true,
3464,0,0,true,
3465,0,0,true,
3466,0,0,true,
3467,0,0,true,
3468,0,0,true,
3469,0,0,true,
3470,0,0,true,
3471,0,0,true,
3472,0,0,true,
3473,0,0,true,
3474,0,0,true,
3475,0,0,true,
3476,0,0,true,
3477,0,0,true,
3478,-1,-1,true,
3479,0,0,true,
3480,0,0,true,
3481,-1,-1,true,
3482,0,0,true,
3483,0,0,true,
3484,-1,-1,true,
3485,-1,-1,true,
3486,-1,-1,true,
3487,-1,-1,true,
3488,0,0,true,
3489,0,0,true,
3490,0,0,true,
3491,0,0,true,
3492,0,0,true,
3493,0,0,true,
3494,0,0,true,
3495,0,0,true,
3496,0,0,true,
3497,0,0,true,
3498,0,0,true,
3499,0,0,true,
3500,0,0,true,
3501,0,0,true,
3502,0,0,true,
3503,0,0,true,
3504,0,0,true,
3505,0,0,true,
3506,0,0,true,
3507,0,0,true,
3508,0,0,true,
3509,0,0,true,
3510,0,0,true,
3511,0,0,true,
3512,0,0,true,
3513,0,0,true,
3514,0,0,true,
3515,0,0,true,
3516,0,0,true,
3517,0,0,true,
3518,0,0,true,
3519,0,0,true,
3520,0,0,true,
3521,0,0,true,
3522,0,0,true,
3523,0,0,true,
3524,0,0,true,
3525,0,0,true,
3526,0,0,true,
3527,0,0,true,
3528,0,0,true,
3529,0,0,true,
3530,0,0,true,
3531,0,0,true,
3532,0,0,true,
3533,0,0,true,
3534,0,0,true,
3535,0,0,true,
3536,0,0,true,
3537,0,0,true,
3538,0,0,true,
3539,0,0,true,
3540,0,0,true,
3541,0,0,true,
3542,0,1,false,
3543,0,0,true,
3544,0,0,true,
3545,0,0,true,
3546,0,1,false,
3547,0,0,true,
3548,0,0,true,
3549,-1,-1,true,
3550,-1,-1,true,
3551,0,0,true,
3552,-1,-1,true,
3553,0,0,true,
3554,-1,-1,true,
3555,0,0,true,
3556,0,0,true,
3557,-1,-1,true,
3558,-1,-1,true,
3559,0,0,true,
3560,0,0,true,
3561,0,0,true,
3562,0,0,true,
3563,-1,-1,true,
3564,0,0,true,
3565,-1,-1,true,
3566,-1,-1,true,
3567,-1,-1,true,
3568,-1,-1,true,
3569,0,0,true,
3570,0,0,true,
3571,0,0,true,
3572,-1,-1,true,
3573,0,0,true,
3574,0,0,true,
3575,-1,-1,true,
3576,-1,-1,true,
3577,0,0,true,
3578,0,0,true,
3579,-1,-1,true,
3580,0,0,true,
3581,-1,-1,true,
3582,0,0,true,
3583,0,0,true,
3584,0,1,false,
3585,-1,-1,true,
3586,0,0,true,
3587,0,0,true,
3588,0,1,false,
3589,0,0,true,
3590,0,0,true,
3591,0,0,true,
3592,0,0,true,
3593,0,0,true,
3594,-1,-1,true,
3595,0,0,true,
3596,0,0,true,
3597,0,0,true,
3598,0,0,true,
3599,0,0,true,
3600,0,0,true,
3601,-1,-1,true,
3602,-1,-1,true,
3603,-1,-1,true,
3604,0,0,true,
3605,0,0,true,
3606,0,0,true,
3607,0,0,true,
3608,0,0,true,
3609,-1,-1,true,
3610,-1,-1,true,
3611,-1,-1,true,
3612,-1,-1,true,
3613,-1,-1,true,
3614,0,0,true,
3615,1,0,false,1
3616,-1,-1,true,
3617,0,0,true,
3618,0,1,false,
3619,0,0,true,
3620,0,1,false,
3621,0,0,true,
3622,0,0,true,
3623,0,0,true,
3624,0,0,true,
3625,0,0,true,
3626,0,0,true,
3627,0,0,true,
3628,0,1,false,
3629,0,0,true,
3630,0,0,true,
3631,0,1,false,
3632,0,1,false,
3633,0,0,true,
3634,0,0,true,
3635,0,0,true,
3636,0,0,true,
3637,0,0,true,
3638,-1,-1,true,
3639,0,0,true,
3640,0,0,true,
3641,0,0,true,
3642,0,0,true,
3643,0,1,false,
3644,0,0,true,
3645,0,0,true,
3646,0,0,true,
3647,0,0,true,
3648,-1,-1,true,
3649,-1,-1,true,
3650,-1,-1,true,
3651,0,0,true,
3652,1,1,true,
3653,0,0,true,
3654,-1,-1,true,
3655,0,0,true,
3656,0,0,true,
3657,0,0,true,
3658,-1,-1,true,
3659,-1,-1,true,
3660,-1,-1,true,
3661,0,0,true,
3662,0,0,true,
3663,0,0,true,
3664,-1,-1,true,
3665,0,0,true,
3666,0,0,true,
3667,-1,-1,true,
3668,0,0,true,
3669,0,0,true,
3670,-1,-1,true,
3671,-1,-1,true,
3672,-1,-1,true,
3673,0,0,true,
3674,0,0,true,
3675,0,0,true,
3676,-1,-1,true,
3677,0,0,true,
3678,0,0,true,
3679,0,0,true,
3680,-1,-1,true,
3681,-1,-1,true,
3682,-1,-1,true,
3683,0,0,true,
3684,-1,-1,true,
3685,0,0,true,
3686,0,0,true,
3687,0,0,true,
3688,0,0,true,
3689,-1,-1,true,
3690,-1,-1,true,
3691,-1,-1,true,
3692,0,0,true,
3693,0,0,true,
3694,0,0,true,
3695,0,0,true,
3696,-1,-1,true,
3697,0,0,true,
3698,0,0,true,
3699,-1,-1,true,
3700,-1,-1,true,
3701,-1,-1,true,
3702,-1,-1,true,
3703,0,0,true,
3704,0,0,true,
3705,0,0,true,
3706,0,0,true,
3707,0,0,true,
3708,-1,-1,true,
3709,0,0,true,
3710,-1,-1,true,
3711,-1,-1,true,
3712,-1,-1,true,
3713,-1,-1,true,
3714,0,0,true,
3715,0,0,true,
3716,0,0,true,
3717,-1,-1,true,
3718,-1,-1,true,
3719,0,0,true,
3720,0,0,true,
3721,0,0,true,
3722,-1,-1,true,
3723,-1,-1,true,
3724,-1,-1,true,
3725,-1,-1,true,
3726,-1,-1,true,
3727,-1,-1,true,
3728,-1,-1,true,
3729,0,0,true,
3730,-1,-1,true,
3731,0,0,true,
3732,-1,-1,true,
3733,0,0,true,
3734,0,0,true,
3735,-1,-1,true,
3736,-1,-1,true,
3737,-1,-1,true,
3738,0,0,true,
3739,-1,-1,true,
3740,0,0,true,
3741,0,0,true,
3742,0,0,true,
3743,-1,-1,true,
3744,0,0,true,
3745,0,0,true,
3746,0,0,true,
3747,-1,-1,true,
3748,-1,-1,true,
3749,0,0,true,
3750,0,0,true,
3751,-1,-1,true,
3752,-1,-1,true,
3753,-1,-1,true,
3754,0,0,true,
3755,0,0,true,
3756,0,0,true,
3757,-1,-1,true,
3758,-1,-1,true,
3759,0,0,true,
3760,1,1,true,
3761,-1,-1,true,
3762,-1,-1,true,
3763,0,0,true,
3764,0,0,true,
3765,1,1,true,
3766,-1,-1,true,
3767,-1,-1,true,
3768,-1,-1,true,
3769,0,0,true,
3770,-1,-1,true,
3771,-1,-1,true,
3772,-1,-1,true,
3773,-1,-1,true,
3774,-1,-1,true,
3775,-1,-1,true,
3776,0,0,true,
3777,-1,-1,true,
3778,-1,-1,true,
3779,-1,-1,true,
3780,-1,-1,true,
3781,0,0,true,
3782,0,0,true,
3783,-1,-1,true,
3784,-1,-1,true,
3785,-1,-1,true,
3786,-1,-1,true,
3787,-1,-1,true,
3788,-1,-1,true,
3789,-1,-1,true,
3790,-1,-1,true,
3791,-1,-1,true,
3792,-1,-1,true,
3793,0,0,true,
3794,0,0,true,
3795,-1,-1,true,
3796,-1,-1,true,
3797,-1,-1,true,
3798,-1,-1,true,
3799,-1,-1,true,
3800,-1,-1,true,
3801,0,0,true,
3802,0,0,true,
3803,-1,-1,true,
3804,0,0,true,
3805,0,0,true,
3806,0,0,true,
3807,0,0,true,
3808,0,0,true,
3809,-1,-1,true,
3810,0,1,false,
3811,-1,-1,true,
3812,0,0,true,
3813,0,0,true,
3814,0,0,true,
3815,-1,-1,true,
3816,-1,-1,true,
3817,0,0,true,
3818,-1,-1,true,
3819,1,1,true,
3820,0,0,true,
3821,0,0,true,
3822,0,1,false,
3823,0,0,true,
3824,0,0,true,
3825,0,0,true,
3826,-1,-1,true,
3827,0,0,true,
3828,0,0,true,
3829,0,0,true,
3830,0,0,true,
3831,-1,-1,true,
3832,-1,-1,true,
3833,-1,-1,true,
3834,-1,-1,true,
3835,-1,-1,true,
3836,-1,-1,true,
3837,-1,-1,true,
3838,-1,-1,true,
3839,-1,-1,true,
3840,-1,-1,true,
3841,0,0,true,
3842,0,0,true,
3843,0,0,true,
3844,0,1,false,
3845,0,1,false,
3846,0,0,true,
3847,0,1,false,
3848,0,0,true,
3849,0,0,true,
3850,0,0,true,
3851,0,0,true,
3852,0,0,true,
3853,0,0,true,
3854,0,0,true,
3855,0,0,true,
3856,1,1,true,
3857,0,0,true,
3858,0,1,false,
3859,-1,-1,true,
3860,0,0,true,
3861,0,0,true,
3862,0,1,false,
3863,0,0,true,
3864,0,0,true,
3865,0,0,true,
3866,0,0,true,
3867,0,0,true,
3868,0,0,true,
3869,0,0,true,
3870,0,0,true,
3871,0,0,true,
3872,0,0,true,
3873,0,0,true,
3874,0,0,true,
3875,0,0,true,
3876,0,0,true,
3877,-1,-1,true,
3878,0,0,true,
3879,0,1,false,
3880,0,0,true,
3881,0,0,true,
3882,0,0,true,
3883,0,0,true,
3884,0,0,true,
3885,-1,-1,true,
3886,-1,-1,true,
3887,0,0,true,
3888,-1,-1,true,
3889,-1,-1,true,
3890,-1,-1,true,
3891,-1,-1,true,
3892,-1,-1,true,
3893,0,0,true,
3894,-1,-1,true,
3895,0,0,true,
3896,0,0,true,
3897,-1,-1,true,
3898,-1,-1,true,
3899,0,0,true,
3900,-1,-1,true,
3901,0,0,true,
3902,0,0,true,
3903,0,0,true,
3904,0,0,true,
3905,-1,-1,true,
3906,-1,-1,true,
3907,0,0,true,
3908,0,0,true,
3909,0,0,true,
3910,0,0,true,
3911,-1,-1,true,
3912,-1,-1,true,
3913,-1,-1,true,
3914,0,0,true,
3915,0,0,true,
3916,-1,-1,true,
3917,-1,-1,true,
3918,0,0,true,
3919,0,0,true,
3920,0,0,true,
3921,-1,-1,true,
3922,0,0,true,
3923,0,0,true,
3924,-1,-1,true,
3925,0,0,true,
3926,0,0,true,
3927,-1,-1,true,
3928,0,0,true,
3929,0,0,true,
3930,0,0,true,
3931,0,0,true,
3932,-1,-1,true,
3933,0,0,true,
3934,0,0,true,
3935,-1,-1,true,
3936,-1,-1,true,
3937,-1,-1,true,
3938,-1,-1,true,
3939,0,0,true,
3940,1,0,false,
3941,-1,-1,true,
3942,-1,-1,true,
3943,-1,-1,true,
3944,0,0,true,
3945,0,0,true,
3946,-1,-1,true,
3947,-1,-1,true,
3948,-1,-1,true,
3949,-1,-1,true,
3950,-1,-1,true,
3951,0,0,true,
3952,-1,-1,true,
3953,0,0,true,
3954,0,0,true,
3955,0,0,true,
3956,0,0,true,
3957,-1,-1,true,
3958,-1,-1,true,
3959,-1,-1,true,
3960,-1,-1,true,
3961,-1,-1,true,
3962,-1,-1,true,
3963,-1,-1,true,
3964,-1,-1,true,
3965,-1,-1,true,
3966,0,1,false,
3967,-1,-1,true,
3968,0,0,true,
3969,-1,-1,true,
3970,-1,-1,true,
3971,-1,-1,true,
3972,1,0,false,
3973,0,0,true,
3974,-1,-1,true,
3975,-1,-1,true,
3976,-1,-1,true,
3977,-1,-1,true,
3978,-1,-1,true,
3979,0,0,true,
3980,-1,-1,true,
3981,-1,-1,true,
3982,-1,-1,true,
3983,0,0,true,
3984,0,0,true,
3985,-1,-1,true,
3986,0,0,true,
3987,1,1,true,
3988,0,0,true,
3989,0,0,true,
3990,0,1,false,
3991,0,0,true,
3992,-1,-1,true,
3993,0,0,true,
3994,0,0,true,
3995,-1,-1,true,
3996,-1,-1,true,
3997,1,0,false,
3998,-1,-1,true,
3999,-1,-1,true,
4000,-1,-1,true,
4001,-1,-1,true,
4002,-1,-1,true,
4003,-1,-1,true,
4004,-1,-1,true,
4005,-1,-1,true,
4006,0,0,true,
4007,-1,-1,true,
4008,-1,-1,true,
4009,-1,-1,true,
4010,0,0,true,
4011,-1,-1,true,
4012,0,0,true,
4013,-1,-1,true,
4014,-1,-1,true,
4015,-1,-1,true,
4016,-1,-1,true,
4017,0,0,true,
4018,0,0,true,
4019,0,0,true,
4020,0,0,true,
4021,-1,-1,true,
4022,-1,-1,true,
4023,0,0,true,
4024,-1,-1,true,
4025,-1,-1,true,
4026,-1,-1,true,
4027,0,0,true,
4028,0,0,true,
4029,0,0,true,
4030,0,0,true,
4031,0,1,false,
4032,0,0,true,
4033,0,0,true,
4034,0,0,true,
4035,0,0,true,
4036,0,0,true,
4037,-1,-1,true,
4038,0,0,true,
4039,0,0,true,
4040,0,0,true,
4041,0,0,true,
4042,0,0,true,
4043,0,0,true,
4044,0,0,true,
4045,0,1,false,
4046,0,0,true,
4047,0,0,true,
4048,0,0,true,
4049,-1,-1,true,
4050,-1,-1,true,
4051,0,0,true,
4052,-1,-1,true,
4053,0,0,true,
4054,0,0,true,
4055,0,0,true,
4056,0,0,true,
4057,0,0,true,
4058,0,0,true,
4059,0,0,true,
4060,0,0,true,
4061,0,0,true,
4062,0,0,true,
4063,0,0,true,
4064,0,0,true,
4065,0,0,true,
4066,0,0,true,
4067,0,0,true,
4068,0,0,true,
4069,0,0,true,
4070,0,0,true,
4071,0,1,false,
4072,0,0,true,
4073,0,0,true,
4074,0,0,true,
4075,0,0,true,
4076,0,0,true,
4077,0,1,false,
4078,0,0,true,
4079,0,0,true,
4080,0,0,true,
4081,0,0,true,
4082,0,0,true,
4083,0,0,true,
4084,0,0,true,
4085,0,0,true,
4086,0,0,true,
4087,0,0,true,
4088,0,0,true,
4089,0,0,true,
4090,0,0,true,
4091,0,0,true,
4092,0,0,true,
4093,0,0,true,
4094,0,0,true,
4095,0,0,true,
4096,0,0,true,
4097,0,0,true,
4098,0,0,true,
4099,0,0,true,
4100,0,0,true,
4101,0,0,true,
4102,0,0,true,
4103,0,0,true,
4104,0,0,true,
4105,0,0,true,
4106,0,0,true,
4107,0,0,true,
4108,0,1,false,
4109,0,0,true,
4110,0,0,true,
4111,0,0,true,
4112,0,1,false,
4113,1,1,true,
4114,1,1,true,
4115,-1,-1,true,
4116,-1,-1,true,
4117,-1,-1,true,
4118,0,1,false,
4119,0,0,true,
4120,0,1,false,
4121,0,0,true,
4122,0,0,true,
4123,1,0,false,
4124,1,0,false,
4125,0,0,true,
4126,0,0,true,
4127,0,0,true,
4128,0,0,true,
4129,0,1,false,
4130,0,0,true,
4131,1,0,false,
4132,0,1,false,
4133,0,0,true,
4134,0,0,true,
4135,0,0,true,
4136,-1,-1,true,
4137,-1,-1,true,
4138,-1,-1,true,
4139,-1,-1,true,
4140,-1,-1,true,
4141,-1,-1,true,
4142,-1,-1,true,
4143,-1,-1,true,
4144,-1,-1,true,
4145,-1,-1,true,
4146,-1,-1,true,
4147,-1,-1,true,
4148,-1,-1,true,
4149,0,0,true,
4150,0,0,true,
4151,0,0,true,
4152,0,0,true,
4153,0,0,true,
4154,0,0,true,
4155,0,0,true,
4156,0,0,true,
4157,0,0,true,
4158,0,0,true,
4159,0,0,true,
4160,0,0,true,
4161,0,0,true,
4162,0,0,true,
4163,0,0,true,
4164,-1,-1,true,
4165,0,0,true,
4166,0,0,true,
4167,0,0,true,
4168,1,0,false,1
4169,0,0,true,
4170,0,0,true,
4171,0,0,true,
4172,0,0,true,
4173,0,0,true,
4174,0,0,true,
4175,0,0,true,
4176,0,0,true,
4177,0,0,true,
4178,0,0,true,
4179,0,0,true,
4180,0,0,true,
4181,0,0,true,
4182,0,0,true,
4183,0,0,true,
4184,0,0,true,
4185,0,0,true,
4186,-1,-1,true,
4187,0,0,true,
4188,0,0,true,
4189,0,0,true,
4190,0,0,true,
4191,0,0,true,
4192,0,0,true,
4193,0,0,true,
4194,0,0,true,
4195,0,0,true,
4196,0,0,true,
4197,0,0,true,
4198,0,0,true,
4199,0,0,true,
4200,0,0,true,
4201,0,0,true,
4202,0,0,true,
4203,0,0,true,
4204,0,0,true,
4205,0,0,true,
4206,0,0,true,
4207,1,1,true,
4208,-1,-1,true,
4209,-1,-1,true,
4210,-1,-1,true,
4211,-1,-1,true,
4212,-1,-1,true,
4213,-1,-1,true,
4214,-1,-1,true,
4215,-1,-1,true,
4216,0,0,true,
4217,0,0,true,
4218,0,0,true,
4219,0,0,true,
4220,0,0,true,
4221,0,0,true,
4222,-1,-1,true,
4223,0,0,true,
4224,0,0,true,
4225,0,0,true,
4226,0,0,true,
4227,0,0,true,
4228,0,0,true,
4229,0,0,true,
4230,0,0,true,
4231,1,0,false,
4232,0,0,true,
4233,0,0,true,
4234,0,0,true,
4235,0,0,true,
4236,-1,-1,true,
4237,0,0,true,
4238,0,0,true,
4239,0,0,true,
4240,0,0,true,
4241,0,0,true,
4242,0,0,true,
4243,0,0,true,
4244,0,0,true,
4245,0,0,true,
4246,0,0,true,
4247,0,0,true,
4248,0,0,true,
4249,0,0,true,
4250,0,0,true,
4251,0,0,true,
4252,0,0,true,
4253,0,0,true,
4254,0,0,true,
4255,0,0,true,
4256,0,0,true,
4257,0,0,true,
4258,0,0,true,
4259,0,0,true,
4260,0,0,true,
4261,0,0,true,
4262,0,0,true,
4263,0,0,true,
4264,0,0,true,
4265,0,0,true,
4266,0,0,true,
4267,0,0,true,
4268,0,0,true,
4269,0,0,true,
4270,0,0,true,
4271,0,0,true,
4272,0,0,true,
4273,0,0,true,
4274,0,0,true,
4275,0,0,true,
4276,0,1,false,
4277,0,1,false,
4278,0,0,true,
4279,0,0,true,
4280,0,0,true,
4281,0,0,true,
4282,0,0,true,
4283,0,0,true,
4284,0,0,true,
4285,0,0,true,
4286,0,0,true,
4287,0,0,true,
4288,0,0,true,
4289,0,1,false,
4290,0,0,true,
4291,0,0,true,
4292,0,1,false,
4293,0,0,true,
4294,0,0,true,
4295,0,0,true,
4296,0,0,true,
4297,0,0,true,
4298,0,0,true,
4299,0,0,true,
4300,0,0,true,
4301,-1,-1,true,
4302,-1,-1,true,
4303,-1,-1,true,
4304,-1,-1,true,
4305,-1,-1,true,
4306,-1,-1,true,
4307,-1,-1,true,
4308,-1,-1,true,
4309,-1,-1,true,
4310,-1,-1,true,
4311,-1,-1,true,
4312,-1,-1,true,
4313,-1,-1,true,
4314,-1,-1,true,
4315,-1,-1,true,
4316,0,0,true,
4317,0,0,true,
4318,-1,-1,true,
4319,0,0,true,
4320,-1,-1,true,
4321,-1,-1,true,
4322,-1,-1,true,
4323,-1,-1,true,
4324,-1,-1,true,
4325,-1,-1,true,
4326,-1,-1,true,
4327,-1,-1,true,
4328,0,0,true,
4329,-1,-1,true,
4330,0,0,true,
4331,-1,-1,true,
4332,-1,-1,true,
4333,-1,-1,true,
4334,0,0,true,
4335,0,0,true,
4336,0,0,true,
4337,0,0,true,
4338,0,0,true,
4339,-1,-1,true,
4340,-1,-1,true,
4341,0,0,true,
4342,0,0,true,
4343,0,0,true,
4344,0,0,true,
4345,-1,-1,true,
4346,0,0,true,
4347,0,0,true,
4348,-1,-1,true,
4349,-1,-1,true,
4350,-1,-1,true,
4351,-1,-1,true,
4352,-1,-1,true,
4353,-1,-1,true,
4354,-1,-1,true,
4355,-1,-1,true,
4356,-1,-1,true,
4357,-1,-1,true,
4358,-1,-1,true,
4359,0,0,true,
4360,-1,-1,true,
4361,0,0,true,
4362,1,0,false,
4363,-1,-1,true,
4364,-1,-1,true,
4365,-1,-1,true,
4366,-1,-1,true,
4367,-1,-1,true,
4368,-1,-1,true,
4369,-1,-1,true,
4370,0,0,true,
4371,-1,-1,true,
4372,-1,-1,true,
4373,0,0,true,
4374,0,0,true,
4375,0,0,true,
4376,-1,-1,true,
4377,0,0,true,
4378,-1,-1,true,
4379,0,0,true,
4380,0,0,true,
4381,0,0,true,
4382,0,0,true,
4383,-1,-1,true,
4384,0,0,true,
4385,0,0,true,
4386,0,0,true,
4387,0,0,true,
4388,1,1,true,
4389,1,0,false,
4390,0,0,true,
4391,0,0,true,
4392,-1,-1,true,
4393,-1,-1,true,
4394,-1,-1,true,
4395,-1,-1,true,
4396,-1,-1,true,
4397,0,0,true,
4398,-1,-1,true,
4399,0,0,true,
4400,-1,-1,true,
4401,0,0,true,
4402,-1,-1,true,
4403,0,0,true,
4404,-1,-1,true,
4405,0,0,true,
4406,-1,-1,true,
4407,0,0,true,
4408,-1,-1,true,
4409,-1,-1,true,
4410,-1,-1,true,
4411,-1,-1,true,
4412,-1,-1,true,
4413,0,0,true,
4414,0,0,true,
4415,0,0,true,
4416,0,0,true,
4417,-1,-1,true,
4418,-1,-1,true,
4419,-1,-1,true,
4420,-1,-1,true,
4421,-1,-1,true,
4422,0,0,true,
4423,-1,-1,true,
4424,-1,-1,true,
4425,-1,-1,true,
4426,-1,-1,true,
4427,-1,-1,true,
4428,0,0,true,
4429,0,0,true,
4430,0,0,true,
4431,0,0,true,
4432,-1,-1,true,
4433,-1,-1,true,
4434,-1,-1,true,
4435,0,0,true,
4436,0,0,true,
4437,0,0,true,
4438,0,0,true,
4439,-1,-1,true,
4440,-1,-1,true,
4441,-1,-1,true,
4442,0,0,true,
4443,0,0,true,
4444,0,0,true,
4445,0,0,true,
4446,0,0,true,
4447,-1,-1,true,
4448,0,0,true,
4449,0,0,true,
4450,-1,-1,true,
4451,0,0,true,
4452,-1,-1,true,
4453,-1,-1,true,
4454,-1,-1,true,
4455,-1,-1,true,
4456,-1,-1,true,
4457,0,0,true,
4458,0,0,true,
4459,-1,-1,true,
4460,0,0,true,
4461,0,0,true,
4462,0,0,true,
4463,0,0,true,
4464,0,0,true,
4465,-1,-1,true,
4466,0,0,true,
4467,0,0,true,
4468,0,0,true,
4469,0,0,true,
4470,-1,-1,true,
4471,-1,-1,true,
4472,0,0,true,
4473,0,0,true,
4474,0,0,true,
4475,1,0,false,
4476,0,0,true,
4477,0,0,true,
4478,0,0,true,
4479,0,0,true,
4480,0,0,true,
4481,-1,-1,true,
4482,-1,-1,true,
4483,0,0,true,
4484,0,0,true,
4485,-1,-1,true,
4486,0,0,true,
4487,0,0,true,
4488,0,0,true,
4489,0,0,true,
4490,0,0,true,
4491,0,0,true,
4492,0,1,false,1
4493,-1,-1,true,
4494,-1,-1,true,
4495,0,0,true,
4496,-1,-1,true,
4497,-1,-1,true,
4498,-1,-1,true,
4499,-1,-1,true,
4500,-1,-1,true,
4501,0,0,true,
4502,0,0,true,
4503,-1,-1,true,
4504,-1,-1,true,
4505,-1,-1,true,
4506,0,0,true,
4507,0,0,true,
4508,0,0,true,
4509,0,1,false,
4510,0,0,true,
4511,0,0,true,
4512,0,0,true,
4513,0,0,true,
4514,-1,-1,true,
4515,-1,-1,true,
4516,0,0,true,
4517,0,0,true,
4518,0,0,true,
4519,0,0,true,
4520,-1,-1,true,
4521,0,0,true,
4522,0,0,true,
4523,0,0,true,
4524,0,0,true,
4525,1,0,false,
4526,0,0,true,
4527,0,0,true,
4528,0,0,true,
4529,-1,-1,true,
4530,0,0,true,
4531,-1,-1,true,
4532,0,0,true,
4533,0,0,true,
4534,-1,-1,true,
4535,0,0,true,
4536,0,0,true,
4537,0,0,true,
4538,0,0,true,
4539,0,0,true,
4540,0,0,true,
4541,0,0,true,
4542,0,0,true,
4543,0,0,true,
4544,0,0,true,
4545,0,0,true,
4546,0,0,true,
4547,0,0,true,
4548,0,0,true,
4549,-1,-1,true,
4550,-1,-1,true,
4551,0,0,true,
4552,0,0,true,
4553,0,0,true,
4554,0,0,true,
4555,0,0,true,
4556,0,0,true,
4557,0,0,true,
4558,0,0,true,
4559,0,0,true,
4560,0,0,true,
4561,0,0,true,
4562,0,0,true,
4563,0,0,true,
4564,0,0,true,
4565,0,0,true,
4566,-1,-1,true,
4567,-1,-1,true,
4568,0,0,true,
4569,0,0,true,
4570,0,0,true,
4571,0,0,true,
4572,0,0,true,
4573,0,0,true,
4574,0,0,true,
4575,1,1,true,
4576,1,1,true,
4577,0,0,true,
4578,0,0,true,
4579,0,0,true,
4580,0,0,true,
4581,0,0,true,
4582,0,0,true,
4583,0,1,false,
4584,0,0,true,
4585,-1,-1,true,
4586,0,0,true,
4587,0,0,true,
4588,0,0,true,
4589,0,0,true,
4590,0,0,true,
4591,0,0,true,
4592,-1,-1,true,
4593,0,0,true,
4594,0,0,true,
4595,0,0,true,
4596,0,0,true,
4597,0,0,true,
4598,1,0,false,
4599,0,0,true,
4600,0,0,true,
4601,0,0,true,
4602,0,0,true,
4603,0,0,true,
4604,0,0,true,
4605,0,0,true,
4606,0,0,true,
4607,-1,-1,true,
4608,-1,-1,true,
4609,1,1,true,
4610,0,0,true,
4611,0,0,true,
4612,0,0,true,
4613,0,0,true,
4614,0,0,true,
4615,0,0,true,
4616,0,0,true,
4617,0,0,true,
4618,0,0,true,
4619,0,0,true,
4620,0,0,true,
4621,0,0,true,
4622,0,0,true,
4623,0,0,true,
4624,0,0,true,
4625,0,0,true,
4626,-1,-1,true,
4627,0,0,true,
4628,0,0,true,
4629,0,0,true,
4630,0,0,true,
4631,0,0,true,
4632,0,0,true,
4633,0,0,true,
4634,0,0,true,
4635,1,1,true,
4636,0,0,true,
4637,0,0,true,
4638,0,0,true,
4639,-1,-1,true,
4640,-1,-1,true,
4641,-1,-1,true,
4642,-1,-1,true,
4643,-1,-1,true,
4644,-1,-1,true,
4645,0,0,true,
4646,0,0,true,
4647,-1,-1,true,
4648,0,0,true,
4649,0,0,true,
4650,0,0,true,
4651,-1,-1,true,
4652,0,0,true,
4653,0,0,true,
4654,-1,-1,true,
4655,-1,-1,true,
4656,-1,-1,true,
4657,-1,-1,true,
4658,-1,-1,true,
4659,0,1,false,
4660,-1,-1,true,
4661,-1,-1,true,
4662,-1,-1,true,
4663,-1,-1,true,
4664,-1,-1,true,
4665,-1,-1,true,
4666,0,0,true,
4667,0,0,true,
4668,0,0,true,
4669,0,0,true,
4670,0,1,false,
4671,-1,-1,true,
4672,-1,-1,true,
4673,-1,-1,true,
4674,-1,-1,true,
4675,-1,-1,true,
4676,0,1,false,
4677,-1,-1,true,
4678,0,1,false,
4679,-1,-1,true,
4680,-1,-1,true,
4681,-1,-1,true,
4682,0,0,true,
4683,-1,-1,true,
4684,0,0,true,
4685,0,0,true,
4686,0,0,true,
4687,-1,-1,true,
4688,0,0,true,
4689,0,0,true,
4690,0,0,true,
4691,-1,-1,true,
4692,0,0,true,
4693,1,1,true,
4694,0,0,true,
4695,0,0,true,
4696,1,1,true,
4697,1,1,true,
4698,0,0,true,
4699,0,1,false,
4700,1,1,true,
4701,0,0,true,
4702,0,0,true,
4703,0,0,true,
4704,0,0,true,
4705,1,1,true,
4706,0,0,true,
4707,0,0,true,
4708,1,1,true,
4709,0,0,true,
4710,-1,-1,true,
4711,-1,-1,true,
4712,0,0,true,
4713,0,1,false,
4714,0,0,true,
4715,0,0,true,
4716,0,0,true,
4717,0,0,true,
4718,0,0,true,
4719,0,0,true,
4720,1,1,true,
4721,1,1,true,
4722,0,1,false,
4723,1,1,true,
4724,-1,-1,true,
4725,0,0,true,
4726,1,1,true,
4727,-1,-1,true,
4728,0,1,false,1
4729,0,0,true,
4730,0,0,true,
4731,0,0,true,
4732,1,1,true,
4733,0,0,true,
4734,1,1,true,
4735,0,0,true,
4736,1,1,true,
4737,0,1,false,
4738,1,1,true,
4739,0,0,true,
4740,0,0,true,
4741,-1,-1,true,
4742,1,1,true,
4743,-1,-1,true,
4744,0,0,true,
4745,0,0,true,
4746,0,0,true,
4747,0,0,true,
4748,0,0,true,
4749,1,1,true,
4750,0,0,true,
4751,0,0,true,
4752,0,0,true,
4753,1,1,true,
4754,0,1,false,
4755,-1,-1,true,
4756,-1,-1,true,
4757,-1,-1,true,
4758,-1,-1,true,
4759,-1,-1,true,
4760,-1,-1,true,
4761,0,0,true,
4762,0,1,false,
4763,0,1,false,1
4764,0,1,false,
4765,-1,-1,true,
4766,0,0,true,
4767,1,1,true,
4768,0,0,true,
4769,0,1,false,
4770,0,0,true,
4771,-1,-1,true,
4772,1,1,true,
4773,0,0,true,
4774,0,0,true,
4775,0,0,true,
4776,-1,-1,true,
4777,0,0,true,
4778,-1,-1,true,
4779,0,0,true,
4780,0,0,true,
4781,0,0,true,
4782,0,1,false,
4783,0,1,false,
4784,0,1,false,
4785,1,1,true,
4786,0,0,true,
4787,-1,-1,true,
4788,-1,-1,true,
4789,0,0,true,
4790,0,0,true,
4791,0,0,true,
4792,0,0,true,
4793,-1,-1,true,
4794,-1,-1,true,
4795,-1,-1,true,
4796,0,1,false,
4797,1,0,false,
4798,1,1,true,
4799,0,0,true,
4800,1,1,true,
4801,0,0,true,
4802,0,0,true,
4803,1,1,true,
4804,0,0,true,
4805,-1,-1,true,
4806,0,0,true,
4807,0,1,false,
4808,0,0,true,
4809,1,1,true,
4810,-1,-1,true,
4811,-1,-1,true,
4812,-1,-1,true,
4813,1,0,false,
4814,1,0,false,
4815,-1,-1,true,
4816,0,0,true,
4817,0,0,true,
4818,-1,-1,true,
4819,0,1,false,
4820,0,1,false,
4821,0,1,false,
4822,0,1,false,
4823,1,1,true,
4824,0,0,true,
4825,-1,-1,true,
4826,-1,-1,true,
4827,-1,-1,true,
4828,-1,-1,true,
4829,0,1,false,
4830,0,0,true,
4831,0,0,true,
4832,0,0,true,
4833,0,1,false,
4834,0,0,true,
4835,0,0,true,
4836,0,1,false,
4837,0,0,true,
4838,0,0,true,
4839,0,1,false,
4840,0,1,false,
4841,0,0,true,
4842,0,0,true,
4843,0,0,true,
4844,0,0,true,
4845,0,0,true,
4846,0,0,true,
4847,0,0,true,
4848,0,0,true,
4849,0,0,true,
4850,-1,-1,true,
4851,-1,-1,true,
4852,-1,-1,true,
4853,-1,-1,true,
4854,-1,-1,true,
4855,-1,-1,true,
4856,-1,-1,true,
4857,-1,-1,true,
4858,-1,-1,true,
4859,1,1,true,
4860,1,1,true,
4861,1,1,true,
4862,0,0,true,
4863,-1,-1,true,
4864,0,0,true,
4865,0,0,true,
4866,0,0,true,
4867,-1,-1,true,
4868,-1,-1,true,
4869,-1,-1,true,
4870,-1,-1,true,
4871,0,1,false,1
4872,0,0,true,
4873,-1,-1,true,
4874,0,1,false,
4875,0,0,true,
4876,0,1,false,
4877,-1,-1,true,
4878,-1,-1,true,
4879,0,0,true,
4880,-1,-1,true,
4881,0,0,true,
4882,-1,-1,true,
4883,0,0,true,
4884,0,0,true,
4885,1,1,true,
4886,0,0,true,
4887,-1,-1,true,
4888,0,0,true,
4889,0,1,false,
4890,0,1,false,
4891,0,0,true,
4892,0,0,true,
4893,0,1,false,
4894,0,1,false,
4895,1,1,true,
4896,-1,-1,true,
4897,0,1,false,1
4898,0,0,true,
4899,-1,-1,true,
4900,-1,-1,true,
4901,-1,-1,true,
4902,0,1,false,1
4903,-1,-1,true,
4904,0,0,true,
4905,0,0,true,
4906,-1,-1,true,
4907,0,0,true,
4908,0,0,true,
4909,0,0,true,
4910,1,1,true,
4911,0,1,false,
4912,0,1,false,
4913,1,1,true,
4914,0,1,false,
4915,1,1,true,
4916,0,0,true,
4917,1,1,true,
4918,0,1,false,
4919,0,0,true,
4920,0,1,false,
4921,1,1,true,
4922,0,0,true,
4923,1,1,true,
4924,1,0,false,
4925,0,0,true,
4926,0,0,true,
4927,0,0,true,
4928,0,0,true,
4929,0,1,false,
4930,1,1,true,
4931,0,0,true,
4932,1,1,true,
4933,1,1,true,
4934,1,1,true,
4935,1,1,true,
4936,-1,-1,true,
4937,1,0,false,
4938,0,0,true,
4939,1,1,true,
4940,0,0,true,
4941,0,0,true,
4942,0,0,true,
4943,0,0,true,
4944,0,0,true,
4945,0,0,true,
4946,0,0,true,
4947,0,0,true,
4948,0,0,true,
4949,0,0,true,
4950,-1,-1,true,
4951,0,0,true,
4952,-1,-1,true,
4953,0,0,true,
4954,-1,-1,true,
4955,0,0,true,
4956,0,0,true,
4957,-1,-1,true,
4958,-1,-1,true,
4959,0,1,false,1
4960,0,0,true,
4961,0,0,true,
4962,-1,-1,true,
4963,-1,-1,true,
4964,-1,-1,true,
4965,-1,-1,true,
4966,0,0,true,
4967,0,0,true,
4968,0,0,true,
4969,0,0,true,
4970,0,0,true,
4971,-1,-1,true,
4972,0,0,true,
4973,-1,-1,true,
4974,0,0,true,
4975,0,0,true,
4976,0,0,true,
4977,0,0,true,
4978,-1,-1,true,
4979,0,0,true,
4980,0,0,true,
4981,0,0,true,
4982,0,0,true,
4983,-1,-1,true,
4984,0,0,true,
4985,0,0,true,
4986,-1,-1,true,
4987,0,0,true,
4988,0,0,true,
4989,-1,-1,true,
4990,0,0,true,
4991,0,0,true,
4992,0,1,false,
4993,0,0,true,
4994,-1,-1,true,
4995,0,0,true,
4996,0,0,true,
4997,1,1,true,
4998,-1,-1,true,
4999,0,0,true,
5000,0,0,true,
5001,0,0,true,
5002,0,0,true,
5003,0,0,true,
5004,0,0,true,
5005,0,0,true,
5006,0,0,true,
5007,-1,-1,true,
5008,0,0,true,
5009,0,0,true,
5010,-1,-1,true,
5011,-1,-1,true,
5012,-1,-1,true,
5013,-1,-1,true,
5014,-1,-1,true,
5015,-1,-1,true,
5016,-1,-1,true,
5017,-1,-1,true,
5018,0,0,true,
5019,-1,-1,true,
5020,-1,-1,true,
5021,-1,-1,true,
5022,-1,-1,true,
5023,-1,-1,true,
5024,0,1,false,
5025,0,1,false,
5026,-1,-1,true,
5027,-1,-1,true,
5028,-1,-1,true,
5029,-1,-1,true,
5030,-1,-1,true,
5031,-1,-1,true,
5032,-1,-1,true,
5033,-1,-1,true,
5034,-1,-1,true,
5035,-1,-1,true,
5036,0,0,true,
5037,-1,-1,true,
5038,-1,-1,true,
5039,-1,-1,true,
5040,-1,-1,true,
5041,-1,-1,true,
5042,-1,-1,true,
5043,-1,-1,true,
5044,0,0,true,
5045,-1,-1,true,
5046,-1,-1,true,
5047,-1,-1,true,
5048,-1,-1,true,
5049,1,1,true,
5050,0,0,true,
5051,1,1,true,
5052,0,0,true,
5053,-1,-1,true,
5054,0,0,true,
5055,1,1,true,
5056,-1,-1,true,
5057,-1,-1,true,
5058,0,0,true,
5059,0,0,true,
5060,-1,-1,true,
5061,-1,-1,true,
5062,-1,-1,true,
5063,-1,-1,true,
5064,1,0,false,
5065,1,1,true,
5066,0,0,true,
5067,-1,-1,true,
5068,-1,-1,true,
5069,-1,-1,true,
5070,0,1,false,
5071,-1,-1,true,
5072,0,0,true,
5073,-1,-1,true,
5074,-1,-1,true,
5075,-1,-1,true,
5076,0,0,true,
5077,0,0,true,
5078,0,0,true,
5079,0,0,true,
5080,-1,-1,true,
5081,-1,-1,true,
5082,0,0,true,
5083,-1,-1,true,
5084,-1,-1,true,
5085,0,0,true,
5086,-1,-1,true,
5087,-1,-1,true,
5088,0,0,true,
5089,0,0,true,
5090,0,0,true,
5091,0,0,true,
5092,-1,-1,true,
5093,-1,-1,true,
5094,-1,-1,true,
5095,-1,-1,true,
5096,0,0,true,
5097,0,0,true,
5098,0,0,true,
5099,-1,-1,true,
5100,0,1,false,
5101,0,1,false,
5102,-1,-1,true,
5103,0,0,true,
5104,-1,-1,true,
5105,-1,-1,true,
5106,-1,-1,true,
5107,-1,-1,true,
5108,0,0,true,
5109,1,0,false,
5110,1,1,true,
5111,0,0,true,
5112,0,0,true,
5113,0,0,true,
5114,0,0,true,
5115,0,0,true,
5116,-1,-1,true,
5117,-1,-1,true,
5118,0,0,true,
5119,-1,-1,true,
5120,-1,-1,true,
5121,-1,-1,true,
5122,0,0,true,
5123,0,0,true,
5124,1,1,true,
5125,0,0,true,
5126,0,0,true,
5127,-1,-1,true,
5128,0,0,true,
5129,0,0,true,
5130,0,0,true,
5131,0,0,true,
5132,0,0,true,
5133,0,0,true,
5134,-1,-1,true,
5135,0,0,true,
5136,0,0,true,
5137,0,0,true,
5138,-1,-1,true,
5139,-1,-1,true,
5140,0,0,true,
5141,-1,-1,true,
5142,0,0,true,
5143,-1,-1,true,
5144,-1,-1,true,
5145,-1,-1,true,
5146,-1,-1,true,
5147,-1,-1,true,
5148,0,0,true,
5149,0,0,true,
5150,0,1,false,
5151,1,0,false,
5152,0,0,true,
5153,-1,-1,true,
5154,-1,-1,true,
5155,0,0,true,
5156,0,0,true,
5157,0,0,true,
5158,0,0,true,
5159,0,0,true,
5160,0,0,true,
5161,0,0,true,
5162,-1,-1,true,
5163,0,0,true,
5164,0,0,true,
5165,0,0,true,
5166,0,0,true,
5167,0,0,true,
5168,0,0,true,
5169,0,0,true,
5170,0,1,false,
5171,0,0,true,
5172,1,0,false,
5173,0,0,true,
5174,0,0,true,
5175,0,0,true,
5176,0,0,true,
5177,0,0,true,
5178,0,0,true,
5179,0,0,true,
5180,0,0,true,
5181,1,1,true,
5182,0,0,true,
5183,0,0,true,
5184,1,0,false,
5185,0,0,true,
5186,0,0,true,
5187,0,0,true,
5188,0,0,true,
5189,0,0,true,
5190,0,0,true,
5191,0,0,true,
5192,0,0,true,
5193,0,0,true,
5194,0,0,true,
5195,0,0,true,
5196,0,0,true,
5197,0,0,true,
5198,0,0,true,
5199,0,0,true,
5200,0,0,true,
5201,0,0,true,
5202,0,0,true,
5203,0,0,true,
5204,-1,-1,true,
5205,0,1,false,
5206,1,1,true,
5207,1,0,false,
5208,0,0,true,
5209,-1,-1,true,
5210,0,0,true,
5211,0,0,true,
5212,0,0,true,
5213,0,0,true,
5214,0,0,true,
5215,0,0,true,
5216,0,0,true,
5217,0,0,true,
5218,0,0,true,
5219,0,0,true,
5220,0,0,true,
5221,0,0,true,
5222,0,0,true,
5223,0,0,true,
5224,0,0,true,
5225,0,0,true,
5226,0,0,true,
5227,0,0,true,
5228,0,0,true,
5229,0,0,true,
5230,0,0,true,
5231,0,0,true,
5232,0,0,true,
5233,0,0,true,
5234,0,0,true,
5235,-1,-1,true,
5236,-1,-1,true,
5237,0,0,true,
5238,0,0,true,
5239,0,0,true,
5240,0,0,true,
5241,0,0,true,
5242,0,0,true,
5243,0,0,true,
5244,0,0,true,
5245,0,0,true,
5246,0,0,true,
5247,0,0,true,
5248,0,0,true,
5249,0,0,true,
5250,0,0,true,
5251,0,0,true,
5252,0,0,true,
5253,0,0,true,
5254,0,0,true,
5255,0,0,true,
5256,0,0,true,
5257,0,0,true,
5258,0,0,true,
5259,0,0,true,
5260,0,0,true,
5261,0,0,true,
5262,0,0,true,
5263,0,0,true,
5264,0,0,true,
5265,0,0,true,
5266,0,0,true,
5267,0,0,true,
5268,0,0,true,
5269,-1,-1,true,
5270,0,1,false,1
5271,0,0,true,
5272,0,0,true,
5273,0,0,true,
5274,0,0,true,
5275,1,1,true,
5276,1,1,true,
5277,0,0,true,
5278,0,1,false,
5279,-1,-1,true,
5280,-1,-1,true,
5281,0,0,true,
5282,0,0,true,
5283,0,0,true,
5284,0,0,true,
5285,0,0,true,
5286,0,0,true,
5287,-1,-1,true,
5288,-1,-1,true,
5289,1,0,false,
5290,-1,-1,true,
5291,1,0,false,0
5292,0,0,true,
5293,0,0,true,
5294,0,0,true,
5295,0,1,false,
5296,0,0,true,
5297,0,0,true,
5298,-1,-1,true,
5299,0,0,true,
5300,0,0,true,
5301,0,0,true,
5302,0,0,true,
5303,1,0,false,
5304,0,0,true,
5305,0,0,true,
5306,0,0,true,
5307,0,0,true,
5308,0,0,true,
5309,0,0,true,
5310,0,0,true,
5311,0,0,true,
5312,0,0,true,
5313,0,0,true,
5314,0,0,true,
5315,0,0,true,
5316,-1,-1,true,
5317,0,0,true,
5318,1,0,false,
5319,0,0,true,
5320,0,0,true,
5321,0,0,true,
5322,-1,-1,true,
5323,0,0,true,
5324,0,0,true,
5325,0,0,true,
5326,0,0,true,
5327,0,0,true,
5328,0,0,true,
5329,0,0,true,
5330,0,0,true,
5331,0,0,true,
5332,0,1,false,
5333,0,0,true,
5334,0,0,true,
5335,0,0,true,
5336,0,0,true,
5337,-1,-1,true,
5338,0,0,true,
5339,0,0,true,
5340,0,0,true,
5341,0,0,true,
5342,-1,-1,true,
5343,0,0,true,
5344,0,0,true,
5345,0,1,false,
5346,0,0,true,
5347,0,0,true,
5348,0,0,true,
5349,0,0,true,
5350,0,0,true,
5351,0,0,true,
5352,0,0,true,
5353,0,0,true,
5354,0,0,true,
5355,-1,-1,true,
5356,0,0,true,
5357,0,0,true,
5358,-1,-1,true,
5359,0,0,true,
5360,0,0,true,
5361,0,0,true,
5362,0,0,true,
5363,0,0,true,
5364,0,0,true,
5365,0,0,true,
5366,0,0,true,
5367,0,0,true,
5368,0,0,true,
5369,0,0,true,
5370,-1,-1,true,
5371,-1,-1,true,
5372,0,0,true,
5373,0,0,true,
5374,0,0,true,
5375,-1,-1,true,
5376,-1,-1,true,
5377,-1,-1,true,
5378,-1,-1,true,
5379,-1,-1,true,
5380,-1,-1,true,
5381,0,0,true,
5382,0,1,false,
5383,0,1,false,
5384,0,0,true,
5385,0,0,true,
5386,0,0,true,
5387,0,0,true,
5388,0,0,true,
5389,0,0,true,
5390,0,0,true,
5391,-1,-1,true,
5392,0,0,true,
5393,0,0,true,
5394,1,1,true,
5395,-1,-1,true,
5396,-1,-1,true,
5397,0,0,true,
5398,0,0,true,
5399,-1,-1,true,
5400,-1,-1,true,
5401,0,0,true,
5402,0,0,true,
5403,0,0,true,
5404,0,0,true,
5405,-1,-1,true,
5406,0,0,true,
5407,0,0,true,
5408,0,0,true,
5409,-1,-1,true,
5410,0,0,true,
5411,0,0,true,
5412,0,0,true,
5413,0,0,true,
5414,0,0,true,
5415,0,0,true,
5416,0,0,true,
5417,0,0,true,
5418,0,0,true,
5419,0,0,true,
5420,0,0,true,
5421,0,0,true,
5422,0,0,true,
5423,0,0,true,
5424,-1,-1,true,
5425,0,0,true,
5426,0,0,true,
5427,0,0,true,
5428,-1,-1,true,
5429,-1,-1,true,
5430,-1,-1,true,
5431,-1,-1,true,
5432,0,0,true,
5433,-1,-1,true,
5434,0,0,true,
5435,-1,-1,true,
5436,0,0,true,
5437,0,0,true,
5438,0,0,true,
5439,0,0,true,
5440,0,0,true,
5441,0,0,true,
5442,0,0,true,
5443,0,0,true,
5444,0,0,true,
5445,0,0,true,
5446,-1,-1,true,
5447,-1,-1,true,
5448,-1,-1,true,
5449,0,0,true,
5450,0,0,true,
5451,-1,-1,true,
5452,0,0,true,
5453,-1,-1,true,
5454,0,0,true,
5455,-1,-1,true,
5456,0,0,true,
5457,0,1,false,
5458,0,0,true,
5459,-1,-1,true,
5460,0,0,true,
5461,-1,-1,true,
5462,-1,-1,true,
5463,0,0,true,
5464,-1,-1,true,
5465,0,0,true,
5466,-1,-1,true,
5467,-1,-1,true,
5468,-1,-1,true,
5469,-1,-1,true,
5470,0,0,true,
5471,-1,-1,true,
5472,0,0,true,
5473,0,0,true,
5474,0,0,true,
5475,-1,-1,true,
5476,0,0,true,
5477,0,0,true,
5478,0,0,true,
5479,-1,-1,true,
5480,0,0,true,
5481,0,0,true,
5482,0,0,true,
5483,0,0,true,
5484,0,0,true,
5485,-1,-1,true,
5486,-1,-1,true,
5487,-1,-1,true,
5488,0,0,true,
5489,0,0,true,
5490,-1,-1,true,
5491,-1,-1,true,
5492,-1,-1,true,
5493,-1,-1,true,
5494,0,0,true,
5495,0,0,true,
5496,0,0,true,
5497,-1,-1,true,
5498,0,0,true,
5499,0,0,true,
5500,0,0,true,
5501,0,0,true,
5502,-1,-1,true,
5503,0,0,true,
5504,0,0,true,
5505,0,0,true,
5506,0,0,true,
5507,0,0,true,
5508,0,0,true,
5509,0,1,false,
5510,0,0,true,
5511,0,0,true,
5512,0,0,true,
5513,0,0,true,
5514,0,0,true,
5515,0,0,true,
5516,0,0,true,
5517,-1,-1,true,
5518,0,0,true,
5519,,0,true,
5520,0,0,true,
5521,0,0,true,
5522,0,0,true,
5523,0,0,true,
5524,0,0,true,
5525,0,0,true,
5526,0,0,true,
5527,-1,-1,true,
5528,0,0,true,
5529,0,0,true,
5530,0,0,true,
5531,0,0,true,
5532,0,0,true,
5533,0,0,true,
5534,0,0,true,
5535,0,1,false,
5536,0,0,true,
5537,0,0,true,
5538,0,0,true,
5539,0,0,true,
5540,0,0,true,
5541,0,0,true,
5542,0,0,true,
5543,0,0,true,
5544,0,0,true,
5545,0,0,true,
5546,0,0,true,
5547,0,0,true,
5548,0,0,true,
5549,0,0,true,
5550,0,0,true,
5551,0,0,true,
5552,0,0,true,
5553,0,0,true,
5554,0,0,true,
5555,-1,-1,true,
5556,-1,-1,true,
5557,-1,-1,true,
5558,1,1,true,
5559,1,1,true,
5560,-1,-1,true,
5561,-1,-1,true,
5562,-1,-1,true,
5563,0,0,true,
5564,0,0,true,
5565,-1,-1,true,
5566,0,0,true,
5567,-1,-1,true,
5568,-1,-1,true,
5569,-1,-1,true,
5570,-1,-1,true,
5571,0,0,true,
5572,-1,-1,true,
5573,1,1,true,
5574,-1,-1,true,
5575,-1,-1,true,
5576,0,0,true,
5577,-1,-1,true,
5578,-1,-1,true,
5579,-1,-1,true,
5580,0,0,true,
5581,1,0,false,1
5582,-1,-1,true,
5583,-1,-1,true,
5584,-1,-1,true,
5585,0,0,true,
5586,-1,-1,true,
5587,1,0,false,
5588,-1,-1,true,
5589,-1,-1,true,
5590,0,0,true,
5591,-1,-1,true,
5592,-1,-1,true,
5593,-1,-1,true,
5594,0,0,true,
5595,0,0,true,
5596,0,0,true,
5597,-1,-1,true,
5598,-1,-1,true,
5599,-1,-1,true,
5600,-1,-1,true,
5601,-1,-1,true,
5602,0,0,true,
5603,0,0,true,
5604,0,0,true,
5605,0,0,true,
5606,0,0,true,
5607,0,0,true,
5608,0,0,true,
5609,0,0,true,
5610,0,0,true,
5611,-1,-1,true,
5612,0,0,true,
5613,0,0,true,
5614,1,1,true,
5615,-1,-1,true,
5616,0,0,true,
5617,0,0,true,
5618,0,0,true,
5619,0,0,true,
5620,0,0,true,
5621,0,0,true,
5622,0,0,true,
5623,0,0,true,
5624,0,0,true,
5625,0,0,true,
5626,0,0,true,
5627,0,0,true,
5628,0,0,true,
5629,0,0,true,
5630,0,0,true,
5631,0,0,true,
5632,0,0,true,
5633,0,0,true,
5634,0,0,true,
5635,0,0,true,
5636,0,0,true,
5637,0,0,true,
5638,0,0,true,
5639,0,0,true,
5640,0,0,true,
5641,0,0,true,
5642,0,0,true,
5643,0,0,true,
5644,0,0,true,
5645,0,0,true,
5646,0,0,true,
5647,0,0,true,
5648,0,0,true,
5649,0,0,true,
5650,0,0,true,
5651,0,0,true,
5652,0,0,true,
5653,0,0,true,
5654,0,0,true,
5655,0,0,true,
5656,0,0,true,
5657,0,0,true,
5658,0,0,true,
5659,0,0,true,
5660,1,0,false,
5661,0,0,true,
5662,0,0,true,
5663,0,0,true,
5664,0,0,true,
5665,0,0,true,
5666,0,0,true,
5667,0,0,true,
5668,0,0,true,
5669,0,0,true,
5670,0,0,true,
5671,0,0,true,
5672,0,0,true,
5673,0,0,true,
5674,0,0,true,
5675,0,0,true,
5676,0,0,true,
5677,0,0,true,
5678,0,0,true,
5679,0,0,true,
5680,0,0,true,
5681,0,0,true,
5682,0,0,true,
5683,0,0,true,
5684,0,0,true,
5685,0,0,true,
5686,0,0,true,
5687,0,0,true,
5688,0,0,true,
5689,0,0,true,
5690,0,0,true,
5691,0,0,true,
5692,0,0,true,
5693,0,0,true,
5694,0,0,true,
5695,0,0,true,
5696,0,0,true,
5697,0,0,true,
5698,0,0,true,
5699,0,0,true,
5700,0,0,true,
5701,-1,-1,true,
5702,-1,-1,true,
5703,1,1,true,
5704,-1,-1,true,
5705,-1,-1,true,
5706,-1,-1,true,
5707,0,0,true,
5708,0,0,true,
5709,0,0,true,
5710,-1,-1,true,
5711,-1,-1,true,
5712,-1,-1,true,
5713,-1,-1,true,
5714,0,0,true,
5715,1,0,false,
5716,0,0,true,
5717,-1,-1,true,
5718,-1,-1,true,
5719,-1,-1,true,
5720,-1,-1,true,
5721,-1,-1,true,
5722,0,0,true,
5723,0,0,true,
5724,0,0,true,
5725,0,0,true,
5726,0,0,true,
5727,0,0,true,
5728,-1,-1,true,
5729,0,0,true,
5730,0,0,true,
5731,0,0,true,
5732,0,0,true,
5733,0,0,true,
5734,0,0,true,
5735,-1,-1,true,
5736,0,0,true,
5737,0,0,true,
5738,0,0,true,
5739,0,0,true,
5740,0,0,true,
5741,0,0,true,
5742,0,1,false,
5743,0,0,true,
5744,0,0,true,
5745,0,0,true,
5746,0,0,true,
5747,0,0,true,
5748,0,0,true,
5749,-1,-1,true,
5750,-1,-1,true,
5751,-1,-1,true,
5752,0,0,true,
5753,0,0,true,
5754,0,0,true,
5755,0,0,true,
5756,0,0,true,
5757,0,1,false,
5758,1,1,true,
5759,-1,-1,true,
5760,0,0,true,
5761,0,0,true,
5762,0,0,true,
5763,0,0,true,
5764,0,0,true,
5765,0,0,true,
5766,-1,-1,true,
5767,0,0,true,
5768,0,0,true,
5769,0,0,true,
5770,1,1,true,
5771,0,0,true,
5772,0,0,true,
5773,0,0,true,
5774,0,0,true,
5775,0,0,true,
5776,0,0,true,
5777,-1,-1,true,
5778,0,0,true,
5779,0,0,true,
5780,0,0,true,
5781,0,0,true,
5782,1,1,true,
5783,0,0,true,
5784,0,0,true,
5785,0,0,true,
5786,0,0,true,
5787,0,0,true,
5788,0,0,true,
5789,0,0,true,
5790,1,0,false,
5791,0,0,true,
5792,0,0,true,
5793,0,0,true,
5794,-1,-1,true,
5795,-1,-1,true,
5796,1,0,false,
5797,0,0,true,
5798,1,0,false,
5799,0,0,true,
5800,1,0,false,
5801,0,0,true,
5802,0,0,true,
5803,0,0,true,
5804,0,0,true,
5805,-1,-1,true,
5806,-1,-1,true,
5807,0,0,true,
5808,0,0,true,
5809,0,0,true,
5810,0,0,true,
5811,1,1,true,
5812,0,0,true,
5813,0,0,true,
5814,0,0,true,
5815,0,0,true,
5816,0,0,true,
5817,1,0,false,
5818,-1,-1,true,
5819,0,0,true,
5820,0,1,false,
5821,0,0,true,
5822,0,0,true,
5823,0,0,true,
5824,0,0,true,
5825,0,0,true,
5826,-1,-1,true,
5827,-1,-1,true,
5828,-1,-1,true,
5829,-1,-1,true,
5830,-1,-1,true,
5831,0,0,true,
5832,0,0,true,
5833,-1,-1,true,
5834,0,0,true,
5835,-1,-1,true,
5836,-1,-1,true,
5837,-1,-1,true,
5838,-1,-1,true,
5839,0,0,true,
5840,0,0,true,
5841,-1,-1,true,
5842,-1,-1,true,
5843,-1,-1,true,
5844,0,0,true,
5845,0,0,true,
5846,0,0,true,
5847,-1,-1,true,
5848,-1,-1,true,
5849,-1,-1,true,
5850,-1,-1,true,
5851,0,0,true,
5852,0,0,true,
5853,0,0,true,
5854,0,0,true,
5855,0,0,true,
5856,0,1,false,
5857,0,0,true,
5858,1,1,true,
5859,0,0,true,
5860,0,0,true,
5861,0,0,true,
5862,0,0,true,
5863,0,0,true,
5864,0,0,true,
5865,0,1,false,
5866,0,0,true,
5867,1,0,false,
5868,0,0,true,
5869,0,0,true,
5870,0,0,true,
5871,-1,-1,true,
5872,-1,-1,true,
5873,-1,-1,true,
5874,-1,-1,true,
5875,0,0,true,
5876,0,0,true,
5877,0,0,true,
5878,0,0,true,
5879,0,0,true,
5880,0,0,true,
5881,0,0,true,
5882,0,0,true,
5883,0,0,true,
5884,0,0,true,
5885,0,0,true,
5886,0,0,true,
5887,0,0,true,
5888,-1,-1,true,
5889,0,0,true,
5890,0,0,true,
5891,1,0,false,
5892,0,0,true,
5893,0,0,true,
5894,0,0,true,
5895,0,0,true,
5896,0,0,true,
5897,0,0,true,
5898,0,0,true,
5899,0,0,true,
5900,0,1,false,
5901,0,0,true,
5902,0,0,true,
5903,0,0,true,
5904,-1,-1,true,
5905,0,0,true,
5906,0,0,true,
5907,0,0,true,
5908,0,0,true,
5909,-1,-1,true,
5910,-1,-1,true,
5911,-1,-1,true,
5912,-1,-1,true,
5913,1,1,true,
5914,0,0,true,
5915,0,0,true,
5916,-1,-1,true,
5917,-1,-1,true,
5918,-1,-1,true,
5919,-1,-1,true,
5920,-1,-1,true,
5921,0,0,true,
5922,0,0,true,
5923,1,1,true,
5924,0,1,false,
5925,-1,-1,true,
5926,0,0,true,
5927,0,0,true,
5928,0,0,true,
5929,0,0,true,
5930,0,0,true,
5931,0,0,true,
5932,-1,-1,true,
5933,0,0,true,
5934,1,1,true,
5935,1,1,true,
5936,0,0,true,
5937,0,0,true,
5938,0,0,true,
5939,-1,-1,true,
5940,-1,-1,true,
5941,-1,-1,true,
5942,-1,-1,true,
5943,-1,-1,true,
5944,0,0,true,
5945,0,0,true,
5946,-1,-1,true,
5947,0,0,true,
5948,-1,-1,true,
5949,1,1,true,
5950,-1,-1,true,
5951,-1,-1,true,
5952,-1,-1,true,
5953,0,0,true,
5954,-1,-1,true,
5955,-1,-1,true,
5956,-1,-1,true,
5957,0,0,true,
5958,-1,-1,true,
5959,0,0,true,
5960,-1,-1,true,
5961,-1,-1,true,
5962,-1,-1,true,
5963,0,0,true,
5964,0,0,true,
5965,1,1,true,
5966,1,1,true,
5967,0,0,true,
5968,0,0,true,
5969,-1,-1,true,
5970,0,1,false,
5971,0,1,false,
5972,0,0,true,
5973,1,1,true,
5974,-1,-1,true,
5975,0,0,true,
5976,0,0,true,
5977,0,1,false,
5978,0,0,true,
5979,0,0,true,
5980,0,1,false,
5981,0,1,false,
5982,-1,-1,true,
5983,-1,-1,true,
5984,-1,-1,true,
5985,0,0,true,
5986,-1,-1,true,
5987,-1,-1,true,
5988,0,1,false,
5989,-1,-1,true,
5990,-1,-1,true,
5991,-1,-1,true,
5992,-1,-1,true,
5993,0,0,true,
5994,-1,-1,true,
5995,-1,-1,true,
5996,-1,-1,true,
5997,0,0,true,
5998,0,0,true,
5999,0,0,true,
6000,-1,-1,true,
6001,-1,-1,true,
6002,0,0,true,
6003,-1,-1,true,
6004,-1,-1,true,
6005,0,0,true,
6006,0,0,true,
6007,-1,-1,true,
6008,0,0,true,
6009,-1,-1,true,
6010,0,0,true,
6011,0,0,true,
6012,0,0,true,
6013,0,0,true,
6014,0,0,true,
6015,0,0,true,
6016,0,0,true,
6017,0,0,true,
6018,0,0,true,
6019,0,0,true,
6020,0,1,false,
6021,0,0,true,
6022,-1,-1,true,
6023,-1,-1,true,
6024,-1,-1,true,
6025,0,0,true,
6026,0,0,true,
6027,0,0,true,
6028,0,0,true,
6029,0,0,true,
6030,0,0,true,
6031,0,0,true,
6032,0,0,true,
6033,-1,-1,true,
6034,-1,-1,true,
6035,-1,-1,true,
6036,0,0,true,
6037,0,0,true,
6038,0,0,true,
6039,0,0,true,
6040,0,0,true,
6041,0,0,true,
6042,0,0,true,
6043,0,0,true,
6044,0,0,true,
6045,-1,-1,true,
6046,0,0,true,
6047,0,0,true,
6048,0,0,true,
6049,0,0,true,
6050,0,0,true,
6051,-1,-1,true,
6052,-1,-1,true,
6053,0,0,true,
6054,0,0,true,
6055,0,0,true,
6056,0,0,true,
6057,0,0,true,
6058,-1,-1,true,
6059,-1,-1,true,
6060,-1,-1,true,
6061,0,0,true,
6062,0,0,true,
6063,0,0,true,
6064,0,0,true,
6065,-1,-1,true,
6066,-1,-1,true,
6067,-1,-1,true,
6068,0,0,true,
6069,-1,-1,true,
6070,-1,-1,true,
6071,0,0,true,
6072,-1,-1,true,
6073,0,0,true,
6074,-1,-1,true,
6075,0,0,true,
6076,0,0,true,
6077,0,0,true,
6078,0,0,true,
6079,-1,-1,true,
6080,0,0,true,
6081,0,0,true,
6082,0,0,true,
6083,0,0,true,
6084,0,0,true,
6085,0,0,true,
6086,0,0,true,
6087,0,0,true,
6088,0,0,true,
6089,0,0,true,
6090,0,0,true,
6091,0,0,true,
6092,0,0,true,
6093,0,0,true,
6094,0,0,true,
6095,0,0,true,
6096,0,0,true,
6097,0,0,true,
6098,0,0,true,
6099,0,0,true,
6100,0,0,true,
6101,0,0,true,
6102,1,1,true,
6103,0,0,true,
6104,0,0,true,
6105,0,0,true,
6106,0,0,true,
6107,0,0,true,
6108,0,0,true,
6109,0,0,true,
6110,1,0,false,
6111,1,0,false,
6112,0,0,true,
6113,0,0,true,
6114,0,0,true,
6115,0,0,true,
6116,0,0,true,
6117,0,0,true,
6118,0,0,true,
6119,0,0,true,
6120,1,0,false,
6121,0,0,true,
6122,0,0,true,
6123,0,0,true,
6124,0,0,true,
6125,1,1,true,
6126,0,1,false,
6127,0,0,true,
6128,0,0,true,
6129,0,0,true,
6130,0,0,true,
6131,0,0,true,
6132,0,1,false,
6133,0,0,true,
6134,0,0,true,
6135,0,0,true,
6136,0,0,true,
6137,0,0,true,
6138,0,0,true,
6139,0,0,true,
6140,0,0,true,
6141,0,0,true,
6142,0,0,true,
6143,0,0,true,
6144,0,0,true,
6145,0,0,true,
6146,0,0,true,
6147,0,0,true,
6148,0,0,true,
6149,0,0,true,
6150,0,0,true,
6151,0,0,true,
6152,0,0,true,
6153,0,0,true,
6154,0,0,true,
6155,0,0,true,
6156,-1,-1,true,
6157,-1,-1,true,
6158,-1,-1,true,
6159,-1,-1,true,
6160,0,1,false,
6161,0,1,false,
6162,-1,-1,true,
6163,0,0,true,
6164,-1,-1,true,
6165,0,0,true,
6166,-1,-1,true,
6167,0,0,true,
6168,0,1,false,
6169,-1,-1,true,
6170,-1,-1,true,
6171,-1,-1,true,
6172,-1,-1,true,
6173,-1,-1,true,
6174,-1,-1,true,
6175,-1,-1,true,
6176,0,0,true,
6177,0,0,true,
6178,0,0,true,
6179,-1,-1,true,
6180,0,0,true,
6181,-1,-1,true,
6182,-1,-1,true,
6183,-1,-1,true,
6184,-1,-1,true,
6185,-1,-1,true,
6186,-1,-1,true,
6187,0,0,true,
6188,0,0,true,
6189,-1,-1,true,
6190,0,0,true,
6191,-1,-1,true,
